export-plots data (NetLogo 6.0);;;;;;;;;;;;;;;;;;;;;;;;;;;;;;;;;;;;;;
universities.nlogo;;;;;;;;;;;;;;;;;;;;;;;;;;;;;;;;;;;;;;
10/30/2017 18:42:27:750 -0300;;;;;;;;;;;;;;;;;;;;;;;;;;;;;;;;;;;;;;
;;;;;;;;;;;;;;;;;;;;;;;;;;;;;;;;;;;;;;
MODEL SETTINGS;;;;;;;;;;;;;;;;;;;;;;;;;;;;;;;;;;;;;;
willingness_to_share;cost_of_mutation;integration_boost;evaluate_for_learning?;market_mutation_period;std_dev_willingness;non_economical_entities?;number_of_gen_dif;color_update_rule;minimum_resources_to_live;std_dev_creation_performance;mutation_rate;creation_performance;motivation_to_learn;cost_of_development;knowledge;initial_fitness_probability;evaluate_for_fitness?;random_ent_creation?;development_performance;cost_of_crossover;startups?;set_input_seed?;std_dev_development_performance;super_share?;number_of_entities;my-seed-repeat;number_of_diffusers;niche_resources;number_of_generators;repeat_simulation?;expense_to_live_growth;trust_in_known_partners;number_of_cons_gen;initial_resources;std_dev_motivation;stop_trigger;number_of_integrators;number_of_consumers
0.5;0;0.1;true;0;0.1;false;0;"""fitness""";1001;0.25;0.1;0.5;0.5;0;200;0.2;true;false;0.4;0;true;false;0.05;true;200;-27647659;0;3000;0;false;0.1;0.05;100;1000;0.1;100;0;100
;;;;;;;;;;;;;;;;;;;;;;;;;;;;;;;;;;;;;;
Fitness of entities histogram (%);;;;;;;;;;;;;;;;;;;;;;;;;;;;;;;;;;;;;;
x min;x max;y min;y max;autoplot?;current pen;legend open?;number of pens;;;;;;;;;;;;;;;;;;;;;;;;;;;;;;;
0;100;0;10;false;"""default""";false;1;;;;;;;;;;;;;;;;;;;;;;;;;;;;;;;
;;;;;;;;;;;;;;;;;;;;;;;;;;;;;;;;;;;;;;
pen name;pen down?;mode;interval;color;x;;;;;;;;;;;;;;;;;;;;;;;;;;;;;;;;;
default;true;1;10;0;50;;;;;;;;;;;;;;;;;;;;;;;;;;;;;;;;;
;;;;;;;;;;;;;;;;;;;;;;;;;;;;;;;;;;;;;;
default;;;;;;;;;;;;;;;;;;;;;;;;;;;;;;;;;;;;;;
x;y;color;pen down?;;;;;;;;;;;;;;;;;;;;;;;;;;;;;;;;;;;
30;7;0;true;;;;;;;;;;;;;;;;;;;;;;;;;;;;;;;;;;;
40;169;0;true;;;;;;;;;;;;;;;;;;;;;;;;;;;;;;;;;;;
50;24;0;true;;;;;;;;;;;;;;;;;;;;;;;;;;;;;;;;;;;
;;;;;;;;;;;;;;;;;;;;;;;;;;;;;;;;;;;;;;
Entities' resources histogram;;;;;;;;;;;;;;;;;;;;;;;;;;;;;;;;;;;;;;
x min;x max;y min;y max;autoplot?;current pen;legend open?;number of pens;;;;;;;;;;;;;;;;;;;;;;;;;;;;;;;
0;50000;0;10;false;"""default""";false;1;;;;;;;;;;;;;;;;;;;;;;;;;;;;;;;
;;;;;;;;;;;;;;;;;;;;;;;;;;;;;;;;;;;;;;
pen name;pen down?;mode;interval;color;x;;;;;;;;;;;;;;;;;;;;;;;;;;;;;;;;;
default;true;1;1000;65;3000;;;;;;;;;;;;;;;;;;;;;;;;;;;;;;;;;
;;;;;;;;;;;;;;;;;;;;;;;;;;;;;;;;;;;;;;
default;;;;;;;;;;;;;;;;;;;;;;;;;;;;;;;;;;;;;;
x;y;color;pen down?;;;;;;;;;;;;;;;;;;;;;;;;;;;;;;;;;;;
0;4;65;true;;;;;;;;;;;;;;;;;;;;;;;;;;;;;;;;;;;
1000;76;65;true;;;;;;;;;;;;;;;;;;;;;;;;;;;;;;;;;;;
2000;115;65;true;;;;;;;;;;;;;;;;;;;;;;;;;;;;;;;;;;;
3000;5;65;true;;;;;;;;;;;;;;;;;;;;;;;;;;;;;;;;;;;
;;;;;;;;;;;;;;;;;;;;;;;;;;;;;;;;;;;;;;
(%) Average fitness of generators;;;;;;;;;;;;;;;;;;;;;;;;;;;;;;;;;;;;;;
x min;x max;y min;y max;autoplot?;current pen;legend open?;number of pens;;;;;;;;;;;;;;;;;;;;;;;;;;;;;;;
0;116;0;50.6;true;"""Average fitness""";false;1;;;;;;;;;;;;;;;;;;;;;;;;;;;;;;;
;;;;;;;;;;;;;;;;;;;;;;;;;;;;;;;;;;;;;;
pen name;pen down?;mode;interval;color;x;;;;;;;;;;;;;;;;;;;;;;;;;;;;;;;;;
Average fitness;true;0;1;15;100;;;;;;;;;;;;;;;;;;;;;;;;;;;;;;;;;
;;;;;;;;;;;;;;;;;;;;;;;;;;;;;;;;;;;;;;
Average fitness;;;;;;;;;;;;;;;;;;;;;;;;;;;;;;;;;;;;;;
x;y;color;pen down?;;;;;;;;;;;;;;;;;;;;;;;;;;;;;;;;;;;
0;22.1;15;true;;;;;;;;;;;;;;;;;;;;;;;;;;;;;;;;;;;
1;22.1;15;true;;;;;;;;;;;;;;;;;;;;;;;;;;;;;;;;;;;
2;26.425.925.925.925.900;15;true;;;;;;;;;;;;;;;;;;;;;;;;;;;;;;;;;;;
3;26.475.728.155.339.800;15;true;;;;;;;;;;;;;;;;;;;;;;;;;;;;;;;;;;;
4;26.813.725.490.196.000;15;true;;;;;;;;;;;;;;;;;;;;;;;;;;;;;;;;;;;
5;2.810.526.315.789.470;15;true;;;;;;;;;;;;;;;;;;;;;;;;;;;;;;;;;;;
6;28.451.923.076.923.000;15;true;;;;;;;;;;;;;;;;;;;;;;;;;;;;;;;;;;;
7;2.924.509.803.921.560;15;true;;;;;;;;;;;;;;;;;;;;;;;;;;;;;;;;;;;
8;2.874.074.074.074.070;15;true;;;;;;;;;;;;;;;;;;;;;;;;;;;;;;;;;;;
9;29.928.571.428.571.400;15;true;;;;;;;;;;;;;;;;;;;;;;;;;;;;;;;;;;;
10;2.960.204.081.632.650;15;true;;;;;;;;;;;;;;;;;;;;;;;;;;;;;;;;;;;
11;30.527.472.527.472.500;15;true;;;;;;;;;;;;;;;;;;;;;;;;;;;;;;;;;;;
12;31.137.500.000.000.000;15;true;;;;;;;;;;;;;;;;;;;;;;;;;;;;;;;;;;;
13;31.597.402.597.402.600;15;true;;;;;;;;;;;;;;;;;;;;;;;;;;;;;;;;;;;
14;3.206.944.444.444.440;15;true;;;;;;;;;;;;;;;;;;;;;;;;;;;;;;;;;;;
15;323.013.698.630.137;15;true;;;;;;;;;;;;;;;;;;;;;;;;;;;;;;;;;;;
16;3.254.054.054.054.050;15;true;;;;;;;;;;;;;;;;;;;;;;;;;;;;;;;;;;;
17;3.278.378.378.378.370;15;true;;;;;;;;;;;;;;;;;;;;;;;;;;;;;;;;;;;
18;3.189.855.072.463.760;15;true;;;;;;;;;;;;;;;;;;;;;;;;;;;;;;;;;;;
19;3.162.686.567.164.170;15;true;;;;;;;;;;;;;;;;;;;;;;;;;;;;;;;;;;;
20;3.431.666.666.666.660;15;true;;;;;;;;;;;;;;;;;;;;;;;;;;;;;;;;;;;
21;34.125;15;true;;;;;;;;;;;;;;;;;;;;;;;;;;;;;;;;;;;
22;3.251.851.851.851.850;15;true;;;;;;;;;;;;;;;;;;;;;;;;;;;;;;;;;;;
23;34.14;15;true;;;;;;;;;;;;;;;;;;;;;;;;;;;;;;;;;;;
24;34.857.142.857.142.800;15;true;;;;;;;;;;;;;;;;;;;;;;;;;;;;;;;;;;;
25;3.655.813.953.488.370;15;true;;;;;;;;;;;;;;;;;;;;;;;;;;;;;;;;;;;
26;3.544.186.046.511.620;15;true;;;;;;;;;;;;;;;;;;;;;;;;;;;;;;;;;;;
27;34.523.809.523.809.500;15;true;;;;;;;;;;;;;;;;;;;;;;;;;;;;;;;;;;;
28;35.5;15;true;;;;;;;;;;;;;;;;;;;;;;;;;;;;;;;;;;;
29;3.713.157.894.736.840;15;true;;;;;;;;;;;;;;;;;;;;;;;;;;;;;;;;;;;
30;3.545.945.945.945.940;15;true;;;;;;;;;;;;;;;;;;;;;;;;;;;;;;;;;;;
31;3.590.909.090.909.090;15;true;;;;;;;;;;;;;;;;;;;;;;;;;;;;;;;;;;;
32;3.721.875;15;true;;;;;;;;;;;;;;;;;;;;;;;;;;;;;;;;;;;
33;36.029.411.764.705.800;15;true;;;;;;;;;;;;;;;;;;;;;;;;;;;;;;;;;;;
34;3.451.428.571.428.570;15;true;;;;;;;;;;;;;;;;;;;;;;;;;;;;;;;;;;;
35;3.332.258.064.516.120;15;true;;;;;;;;;;;;;;;;;;;;;;;;;;;;;;;;;;;
36;33.75;15;true;;;;;;;;;;;;;;;;;;;;;;;;;;;;;;;;;;;
37;35.2;15;true;;;;;;;;;;;;;;;;;;;;;;;;;;;;;;;;;;;
38;3.426.923.076.923.070;15;true;;;;;;;;;;;;;;;;;;;;;;;;;;;;;;;;;;;
39;3.530.769.230.769.230;15;true;;;;;;;;;;;;;;;;;;;;;;;;;;;;;;;;;;;
40;35.5;15;true;;;;;;;;;;;;;;;;;;;;;;;;;;;;;;;;;;;
41;36.25;15;true;;;;;;;;;;;;;;;;;;;;;;;;;;;;;;;;;;;
42;3.572.222.222.222.220;15;true;;;;;;;;;;;;;;;;;;;;;;;;;;;;;;;;;;;
43;351.875;15;true;;;;;;;;;;;;;;;;;;;;;;;;;;;;;;;;;;;
44;360.625;15;true;;;;;;;;;;;;;;;;;;;;;;;;;;;;;;;;;;;
45;3.572.222.222.222.220;15;true;;;;;;;;;;;;;;;;;;;;;;;;;;;;;;;;;;;
46;35.5;15;true;;;;;;;;;;;;;;;;;;;;;;;;;;;;;;;;;;;
47;3.407.142.857.142.850;15;true;;;;;;;;;;;;;;;;;;;;;;;;;;;;;;;;;;;
48;3.346.153.846.153.840;15;true;;;;;;;;;;;;;;;;;;;;;;;;;;;;;;;;;;;
49;40.625;15;true;;;;;;;;;;;;;;;;;;;;;;;;;;;;;;;;;;;
50;34.625;15;true;;;;;;;;;;;;;;;;;;;;;;;;;;;;;;;;;;;
51;37.625;15;true;;;;;;;;;;;;;;;;;;;;;;;;;;;;;;;;;;;
52;42.25;15;true;;;;;;;;;;;;;;;;;;;;;;;;;;;;;;;;;;;
53;4.022.222.222.222.220;15;true;;;;;;;;;;;;;;;;;;;;;;;;;;;;;;;;;;;
54;3.644.444.444.444.440;15;true;;;;;;;;;;;;;;;;;;;;;;;;;;;;;;;;;;;
55;3.422.222.222.222.220;15;true;;;;;;;;;;;;;;;;;;;;;;;;;;;;;;;;;;;
56;3.777.777.777.777.770;15;true;;;;;;;;;;;;;;;;;;;;;;;;;;;;;;;;;;;
57;38.125;15;true;;;;;;;;;;;;;;;;;;;;;;;;;;;;;;;;;;;
58;37.875;15;true;;;;;;;;;;;;;;;;;;;;;;;;;;;;;;;;;;;
59;38;15;true;;;;;;;;;;;;;;;;;;;;;;;;;;;;;;;;;;;
60;38.375;15;true;;;;;;;;;;;;;;;;;;;;;;;;;;;;;;;;;;;
61;35.875;15;true;;;;;;;;;;;;;;;;;;;;;;;;;;;;;;;;;;;
62;34.857.142.857.142.800;15;true;;;;;;;;;;;;;;;;;;;;;;;;;;;;;;;;;;;
63;36.285.714.285.714.200;15;true;;;;;;;;;;;;;;;;;;;;;;;;;;;;;;;;;;;
64;35.714.285.714.285.700;15;true;;;;;;;;;;;;;;;;;;;;;;;;;;;;;;;;;;;
65;3.557.142.857.142.850;15;true;;;;;;;;;;;;;;;;;;;;;;;;;;;;;;;;;;;
66;33.833.333.333.333.300;15;true;;;;;;;;;;;;;;;;;;;;;;;;;;;;;;;;;;;
67;35.6;15;true;;;;;;;;;;;;;;;;;;;;;;;;;;;;;;;;;;;
68;34.4;15;true;;;;;;;;;;;;;;;;;;;;;;;;;;;;;;;;;;;
69;38.8;15;true;;;;;;;;;;;;;;;;;;;;;;;;;;;;;;;;;;;
70;39.8;15;true;;;;;;;;;;;;;;;;;;;;;;;;;;;;;;;;;;;
71;37.4;15;true;;;;;;;;;;;;;;;;;;;;;;;;;;;;;;;;;;;
72;35.4;15;true;;;;;;;;;;;;;;;;;;;;;;;;;;;;;;;;;;;
73;34.2;15;true;;;;;;;;;;;;;;;;;;;;;;;;;;;;;;;;;;;
74;39.25;15;true;;;;;;;;;;;;;;;;;;;;;;;;;;;;;;;;;;;
75;42;15;true;;;;;;;;;;;;;;;;;;;;;;;;;;;;;;;;;;;
76;44.666.666.666.666.600;15;true;;;;;;;;;;;;;;;;;;;;;;;;;;;;;;;;;;;
77;39;15;true;;;;;;;;;;;;;;;;;;;;;;;;;;;;;;;;;;;
78;37.666.666.666.666.600;15;true;;;;;;;;;;;;;;;;;;;;;;;;;;;;;;;;;;;
79;29.333.333.333.333.300;15;true;;;;;;;;;;;;;;;;;;;;;;;;;;;;;;;;;;;
80;33.666.666.666.666.600;15;true;;;;;;;;;;;;;;;;;;;;;;;;;;;;;;;;;;;
81;34.666.666.666.666.600;15;true;;;;;;;;;;;;;;;;;;;;;;;;;;;;;;;;;;;
82;38.333.333.333.333.300;15;true;;;;;;;;;;;;;;;;;;;;;;;;;;;;;;;;;;;
83;38;15;true;;;;;;;;;;;;;;;;;;;;;;;;;;;;;;;;;;;
84;38.333.333.333.333.300;15;true;;;;;;;;;;;;;;;;;;;;;;;;;;;;;;;;;;;
85;36;15;true;;;;;;;;;;;;;;;;;;;;;;;;;;;;;;;;;;;
86;42.333.333.333.333.300;15;true;;;;;;;;;;;;;;;;;;;;;;;;;;;;;;;;;;;
87;37;15;true;;;;;;;;;;;;;;;;;;;;;;;;;;;;;;;;;;;
88;30.333.333.333.333.300;15;true;;;;;;;;;;;;;;;;;;;;;;;;;;;;;;;;;;;
89;26.666.666.666.666.600;15;true;;;;;;;;;;;;;;;;;;;;;;;;;;;;;;;;;;;
90;38;15;true;;;;;;;;;;;;;;;;;;;;;;;;;;;;;;;;;;;
91;37;15;true;;;;;;;;;;;;;;;;;;;;;;;;;;;;;;;;;;;
92;37;15;true;;;;;;;;;;;;;;;;;;;;;;;;;;;;;;;;;;;
93;37;15;true;;;;;;;;;;;;;;;;;;;;;;;;;;;;;;;;;;;
94;37;15;true;;;;;;;;;;;;;;;;;;;;;;;;;;;;;;;;;;;
95;37;15;true;;;;;;;;;;;;;;;;;;;;;;;;;;;;;;;;;;;
96;35;15;true;;;;;;;;;;;;;;;;;;;;;;;;;;;;;;;;;;;
97;35;15;true;;;;;;;;;;;;;;;;;;;;;;;;;;;;;;;;;;;
98;35;15;true;;;;;;;;;;;;;;;;;;;;;;;;;;;;;;;;;;;
99;31;15;true;;;;;;;;;;;;;;;;;;;;;;;;;;;;;;;;;;;
100;46;15;true;;;;;;;;;;;;;;;;;;;;;;;;;;;;;;;;;;;
;;;;;;;;;;;;;;;;;;;;;;;;;;;;;;;;;;;;;;
Average resources;;;;;;;;;;;;;;;;;;;;;;;;;;;;;;;;;;;;;;
x min;x max;y min;y max;autoplot?;current pen;legend open?;number of pens;;;;;;;;;;;;;;;;;;;;;;;;;;;;;;;
0;116;0;2240;true;"""Average resources""";false;1;;;;;;;;;;;;;;;;;;;;;;;;;;;;;;;
;;;;;;;;;;;;;;;;;;;;;;;;;;;;;;;;;;;;;;
pen name;pen down?;mode;interval;color;x;;;;;;;;;;;;;;;;;;;;;;;;;;;;;;;;;
Average resources;true;0;1;104;100;;;;;;;;;;;;;;;;;;;;;;;;;;;;;;;;;
;;;;;;;;;;;;;;;;;;;;;;;;;;;;;;;;;;;;;;
Average resources;;;;;;;;;;;;;;;;;;;;;;;;;;;;;;;;;;;;;;
x;y;color;pen down?;;;;;;;;;;;;;;;;;;;;;;;;;;;;;;;;;;;
0;1000;104;true;;;;;;;;;;;;;;;;;;;;;;;;;;;;;;;;;;;
1;431.44;104;true;;;;;;;;;;;;;;;;;;;;;;;;;;;;;;;;;;;
2;7.469.874.999.999.990;104;true;;;;;;;;;;;;;;;;;;;;;;;;;;;;;;;;;;;
3;70.688.695;104;true;;;;;;;;;;;;;;;;;;;;;;;;;;;;;;;;;;;
4;505.862.845;104;true;;;;;;;;;;;;;;;;;;;;;;;;;;;;;;;;;;;
5;5.627.944.104.999.990;104;true;;;;;;;;;;;;;;;;;;;;;;;;;;;;;;;;;;;
6;60.071.635.945;104;true;;;;;;;;;;;;;;;;;;;;;;;;;;;;;;;;;;;
7;5.759.247.305.050.000;104;true;;;;;;;;;;;;;;;;;;;;;;;;;;;;;;;;;;;
8;5.685.281.443.044.990;104;true;;;;;;;;;;;;;;;;;;;;;;;;;;;;;;;;;;;
9;61.774.561.801;104;true;;;;;;;;;;;;;;;;;;;;;;;;;;;;;;;;;;;
10;5.792.606.547.430.000;104;true;;;;;;;;;;;;;;;;;;;;;;;;;;;;;;;;;;;
11;5.915.128.730.482.000;104;true;;;;;;;;;;;;;;;;;;;;;;;;;;;;;;;;;;;
12;5.833.634.347.877.800;104;true;;;;;;;;;;;;;;;;;;;;;;;;;;;;;;;;;;;
13;587.617.283.009.002;104;true;;;;;;;;;;;;;;;;;;;;;;;;;;;;;;;;;;;
14;5.796.438.343.291.010;104;true;;;;;;;;;;;;;;;;;;;;;;;;;;;;;;;;;;;
15;5.588.636.214.730.910;104;true;;;;;;;;;;;;;;;;;;;;;;;;;;;;;;;;;;;
16;5.590.193.895.882.320;104;true;;;;;;;;;;;;;;;;;;;;;;;;;;;;;;;;;;;
17;5.953.705.131.546.740;104;true;;;;;;;;;;;;;;;;;;;;;;;;;;;;;;;;;;;
18;6.040.109.357.361.620;104;true;;;;;;;;;;;;;;;;;;;;;;;;;;;;;;;;;;;
19;5.897.441.295.250.730;104;true;;;;;;;;;;;;;;;;;;;;;;;;;;;;;;;;;;;
20;6.480.214.391.047.660;104;true;;;;;;;;;;;;;;;;;;;;;;;;;;;;;;;;;;;
21;6.686.227.064.279.930;104;true;;;;;;;;;;;;;;;;;;;;;;;;;;;;;;;;;;;
22;6.484.559.675.318.270;104;true;;;;;;;;;;;;;;;;;;;;;;;;;;;;;;;;;;;
23;6.443.135.293.123.570;104;true;;;;;;;;;;;;;;;;;;;;;;;;;;;;;;;;;;;
24;6.631.621.281.936.770;104;true;;;;;;;;;;;;;;;;;;;;;;;;;;;;;;;;;;;
25;6.783.797.832.551.900;104;true;;;;;;;;;;;;;;;;;;;;;;;;;;;;;;;;;;;
26;6.916.702.184.524.630;104;true;;;;;;;;;;;;;;;;;;;;;;;;;;;;;;;;;;;
27;7.016.380.312.742.480;104;true;;;;;;;;;;;;;;;;;;;;;;;;;;;;;;;;;;;
28;7.425.027.577.838.480;104;true;;;;;;;;;;;;;;;;;;;;;;;;;;;;;;;;;;;
29;7.925.495.030.987.530;104;true;;;;;;;;;;;;;;;;;;;;;;;;;;;;;;;;;;;
30;807.738.011.786.972;104;true;;;;;;;;;;;;;;;;;;;;;;;;;;;;;;;;;;;
31;8.242.396.682.367.740;104;true;;;;;;;;;;;;;;;;;;;;;;;;;;;;;;;;;;;
32;8.668.160.934.684.900;104;true;;;;;;;;;;;;;;;;;;;;;;;;;;;;;;;;;;;
33;8.987.653.238.207.230;104;true;;;;;;;;;;;;;;;;;;;;;;;;;;;;;;;;;;;
34;9.143.770.375.283.840;104;true;;;;;;;;;;;;;;;;;;;;;;;;;;;;;;;;;;;
35;9.280.958.940.610.910;104;true;;;;;;;;;;;;;;;;;;;;;;;;;;;;;;;;;;;
36;9.338.383.372.857.390;104;true;;;;;;;;;;;;;;;;;;;;;;;;;;;;;;;;;;;
37;9.564.266.043.803.630;104;true;;;;;;;;;;;;;;;;;;;;;;;;;;;;;;;;;;;
38;9.619.778.785.568.360;104;true;;;;;;;;;;;;;;;;;;;;;;;;;;;;;;;;;;;
39;9.865.831.410.294.050;104;true;;;;;;;;;;;;;;;;;;;;;;;;;;;;;;;;;;;
40;10.157.473.771.212.600;104;true;;;;;;;;;;;;;;;;;;;;;;;;;;;;;;;;;;;
41;1.014.264.276.163.170;104;true;;;;;;;;;;;;;;;;;;;;;;;;;;;;;;;;;;;
42;1.024.794.270.593.230;104;true;;;;;;;;;;;;;;;;;;;;;;;;;;;;;;;;;;;
43;1.037.565.449.130.810;104;true;;;;;;;;;;;;;;;;;;;;;;;;;;;;;;;;;;;
44;1.062.885.169.867.730;104;true;;;;;;;;;;;;;;;;;;;;;;;;;;;;;;;;;;;
45;10.767.496.765.397.100;104;true;;;;;;;;;;;;;;;;;;;;;;;;;;;;;;;;;;;
46;1.091.168.656.120.480;104;true;;;;;;;;;;;;;;;;;;;;;;;;;;;;;;;;;;;
47;1.107.727.041.382.510;104;true;;;;;;;;;;;;;;;;;;;;;;;;;;;;;;;;;;;
48;1.131.436.686.411.110;104;true;;;;;;;;;;;;;;;;;;;;;;;;;;;;;;;;;;;
49;11.791.337.996.339.600;104;true;;;;;;;;;;;;;;;;;;;;;;;;;;;;;;;;;;;
50;11.958.404.196.705.600;104;true;;;;;;;;;;;;;;;;;;;;;;;;;;;;;;;;;;;
51;12.214.765.747.035.000;104;true;;;;;;;;;;;;;;;;;;;;;;;;;;;;;;;;;;;
52;12.525.316.684.431.800;104;true;;;;;;;;;;;;;;;;;;;;;;;;;;;;;;;;;;;
53;1.275.243.105.198.860;104;true;;;;;;;;;;;;;;;;;;;;;;;;;;;;;;;;;;;
54;12.907.087.946.789.800;104;true;;;;;;;;;;;;;;;;;;;;;;;;;;;;;;;;;;;
55;13.101.629.152.110.800;104;true;;;;;;;;;;;;;;;;;;;;;;;;;;;;;;;;;;;
56;1.352.382.260.554.970;104;true;;;;;;;;;;;;;;;;;;;;;;;;;;;;;;;;;;;
57;1.398.045.695.420.480;104;true;;;;;;;;;;;;;;;;;;;;;;;;;;;;;;;;;;;
58;14.266.555.500.284.300;104;true;;;;;;;;;;;;;;;;;;;;;;;;;;;;;;;;;;;
59;14.590.550.157.730.100;104;true;;;;;;;;;;;;;;;;;;;;;;;;;;;;;;;;;;;
60;1.481.805.144.195.710;104;true;;;;;;;;;;;;;;;;;;;;;;;;;;;;;;;;;;;
61;14.955.146.297.761.400;104;true;;;;;;;;;;;;;;;;;;;;;;;;;;;;;;;;;;;
62;15.194.225.704.931.800;104;true;;;;;;;;;;;;;;;;;;;;;;;;;;;;;;;;;;;
63;15.504.111.691.679.300;104;true;;;;;;;;;;;;;;;;;;;;;;;;;;;;;;;;;;;
64;15.682.421.268.587.400;104;true;;;;;;;;;;;;;;;;;;;;;;;;;;;;;;;;;;;
65;15.770.879.141.728.700;104;true;;;;;;;;;;;;;;;;;;;;;;;;;;;;;;;;;;;
66;1.595.085.072.270.580;104;true;;;;;;;;;;;;;;;;;;;;;;;;;;;;;;;;;;;
67;1.616.949.300.043.520;104;true;;;;;;;;;;;;;;;;;;;;;;;;;;;;;;;;;;;
68;1.632.399.370.039.170;104;true;;;;;;;;;;;;;;;;;;;;;;;;;;;;;;;;;;;
69;16.587.181.460.686.400;104;true;;;;;;;;;;;;;;;;;;;;;;;;;;;;;;;;;;;
70;169.144.572.642.528;104;true;;;;;;;;;;;;;;;;;;;;;;;;;;;;;;;;;;;
71;17.091.661.537.827.500;104;true;;;;;;;;;;;;;;;;;;;;;;;;;;;;;;;;;;;
72;17.265.995.384.044.700;104;true;;;;;;;;;;;;;;;;;;;;;;;;;;;;;;;;;;;
73;1.742.829.584.564.020;104;true;;;;;;;;;;;;;;;;;;;;;;;;;;;;;;;;;;;
74;17.750.813.796.076.200;104;true;;;;;;;;;;;;;;;;;;;;;;;;;;;;;;;;;;;
75;18.059.173.201.451.500;104;true;;;;;;;;;;;;;;;;;;;;;;;;;;;;;;;;;;;
76;1.833.488.602.280.640;104;true;;;;;;;;;;;;;;;;;;;;;;;;;;;;;;;;;;;
77;18.525.297.420.525.700;104;true;;;;;;;;;;;;;;;;;;;;;;;;;;;;;;;;;;;
78;187.088.176.784.732;104;true;;;;;;;;;;;;;;;;;;;;;;;;;;;;;;;;;;;
79;18.807.835.910.625.800;104;true;;;;;;;;;;;;;;;;;;;;;;;;;;;;;;;;;;;
80;1.895.852.221.568.320;104;true;;;;;;;;;;;;;;;;;;;;;;;;;;;;;;;;;;;
81;19.096.366.131.114.900;104;true;;;;;;;;;;;;;;;;;;;;;;;;;;;;;;;;;;;
82;1.917.637.523.980.480;104;true;;;;;;;;;;;;;;;;;;;;;;;;;;;;;;;;;;;
83;1.915.303.771.582.430;104;true;;;;;;;;;;;;;;;;;;;;;;;;;;;;;;;;;;;
84;19.105.489.944.241.900;104;true;;;;;;;;;;;;;;;;;;;;;;;;;;;;;;;;;;;
85;1.907.844.094.981.770;104;true;;;;;;;;;;;;;;;;;;;;;;;;;;;;;;;;;;;
86;19.089.926.904.835.900;104;true;;;;;;;;;;;;;;;;;;;;;;;;;;;;;;;;;;;
87;1.912.518.421.435.230;104;true;;;;;;;;;;;;;;;;;;;;;;;;;;;;;;;;;;;
88;1.913.396.579.291.710;104;true;;;;;;;;;;;;;;;;;;;;;;;;;;;;;;;;;;;
89;19.116.219.213.625.400;104;true;;;;;;;;;;;;;;;;;;;;;;;;;;;;;;;;;;;
90;19.228.331.789.762.800;104;true;;;;;;;;;;;;;;;;;;;;;;;;;;;;;;;;;;;
91;19.382.058.109.020.500;104;true;;;;;;;;;;;;;;;;;;;;;;;;;;;;;;;;;;;
92;19.502.852.298.118.500;104;true;;;;;;;;;;;;;;;;;;;;;;;;;;;;;;;;;;;
93;19.645.317.068.306.600;104;true;;;;;;;;;;;;;;;;;;;;;;;;;;;;;;;;;;;
94;19.808.635.361.476.000;104;true;;;;;;;;;;;;;;;;;;;;;;;;;;;;;;;;;;;
95;19.985.321.825.328.300;104;true;;;;;;;;;;;;;;;;;;;;;;;;;;;;;;;;;;;
96;2.016.863.964.279.550;104;true;;;;;;;;;;;;;;;;;;;;;;;;;;;;;;;;;;;
97;20.322.825.678.516.000;104;true;;;;;;;;;;;;;;;;;;;;;;;;;;;;;;;;;;;
98;205.061.431.106.644;104;true;;;;;;;;;;;;;;;;;;;;;;;;;;;;;;;;;;;
99;2.078.452.879.959.790;104;true;;;;;;;;;;;;;;;;;;;;;;;;;;;;;;;;;;;
100;21.069.360.089.193.000;104;true;;;;;;;;;;;;;;;;;;;;;;;;;;;;;;;;;;;
;;;;;;;;;;;;;;;;;;;;;;;;;;;;;;;;;;;;;;
Average motivation to learn;;;;;;;;;;;;;;;;;;;;;;;;;;;;;;;;;;;;;;
x min;x max;y min;y max;autoplot?;current pen;legend open?;number of pens;;;;;;;;;;;;;;;;;;;;;;;;;;;;;;;
0;116;0;1.1;true;"""default""";false;1;;;;;;;;;;;;;;;;;;;;;;;;;;;;;;;
;;;;;;;;;;;;;;;;;;;;;;;;;;;;;;;;;;;;;;
pen name;pen down?;mode;interval;color;x;;;;;;;;;;;;;;;;;;;;;;;;;;;;;;;;;
default;true;0;1;0;100;;;;;;;;;;;;;;;;;;;;;;;;;;;;;;;;;
;;;;;;;;;;;;;;;;;;;;;;;;;;;;;;;;;;;;;;
default;;;;;;;;;;;;;;;;;;;;;;;;;;;;;;;;;;;;;;
x;y;color;pen down?;;;;;;;;;;;;;;;;;;;;;;;;;;;;;;;;;;;
0;0.5093173035285312;0;true;;;;;;;;;;;;;;;;;;;;;;;;;;;;;;;;;;;
1;0.5153173035285313;0;true;;;;;;;;;;;;;;;;;;;;;;;;;;;;;;;;;;;
2;0.5349228970477117;0;true;;;;;;;;;;;;;;;;;;;;;;;;;;;;;;;;;;;
3;0.5500657738537977;0;true;;;;;;;;;;;;;;;;;;;;;;;;;;;;;;;;;;;
4;0.5592182624372143;0;true;;;;;;;;;;;;;;;;;;;;;;;;;;;;;;;;;;;
5;0.5841178778409069;0;true;;;;;;;;;;;;;;;;;;;;;;;;;;;;;;;;;;;
6;0.5859787513327869;0;true;;;;;;;;;;;;;;;;;;;;;;;;;;;;;;;;;;;
7;0.5848609246697944;0;true;;;;;;;;;;;;;;;;;;;;;;;;;;;;;;;;;;;
8;0.5821095777055061;0;true;;;;;;;;;;;;;;;;;;;;;;;;;;;;;;;;;;;
9;0.5910202196533678;0;true;;;;;;;;;;;;;;;;;;;;;;;;;;;;;;;;;;;
10;0.5954923585634702;0;true;;;;;;;;;;;;;;;;;;;;;;;;;;;;;;;;;;;
11;0.6084504835407758;0;true;;;;;;;;;;;;;;;;;;;;;;;;;;;;;;;;;;;
12;0.6157524375621056;0;true;;;;;;;;;;;;;;;;;;;;;;;;;;;;;;;;;;;
13;0.6277757445833385;0;true;;;;;;;;;;;;;;;;;;;;;;;;;;;;;;;;;;;
14;0.6396038925664049;0;true;;;;;;;;;;;;;;;;;;;;;;;;;;;;;;;;;;;
15;0.6580066810151627;0;true;;;;;;;;;;;;;;;;;;;;;;;;;;;;;;;;;;;
16;0.6646843563429852;0;true;;;;;;;;;;;;;;;;;;;;;;;;;;;;;;;;;;;
17;0.675449168160865;0;true;;;;;;;;;;;;;;;;;;;;;;;;;;;;;;;;;;;
18;0.6884061008812961;0;true;;;;;;;;;;;;;;;;;;;;;;;;;;;;;;;;;;;
19;0.6981472088422591;0;true;;;;;;;;;;;;;;;;;;;;;;;;;;;;;;;;;;;
20;0.7260800323074156;0;true;;;;;;;;;;;;;;;;;;;;;;;;;;;;;;;;;;;
21;0.7294972318678787;0;true;;;;;;;;;;;;;;;;;;;;;;;;;;;;;;;;;;;
22;0.7496564941965641;0;true;;;;;;;;;;;;;;;;;;;;;;;;;;;;;;;;;;;
23;0.7501891407862322;0;true;;;;;;;;;;;;;;;;;;;;;;;;;;;;;;;;;;;
24;0.7694878913297194;0;true;;;;;;;;;;;;;;;;;;;;;;;;;;;;;;;;;;;
25;0.7855781530750074;0;true;;;;;;;;;;;;;;;;;;;;;;;;;;;;;;;;;;;
26;0.7997578487431383;0;true;;;;;;;;;;;;;;;;;;;;;;;;;;;;;;;;;;;
27;0.8077156421953327;0;true;;;;;;;;;;;;;;;;;;;;;;;;;;;;;;;;;;;
28;0.8167048462192643;0;true;;;;;;;;;;;;;;;;;;;;;;;;;;;;;;;;;;;
29;0.8302743635827943;0;true;;;;;;;;;;;;;;;;;;;;;;;;;;;;;;;;;;;
30;0.8358845001348562;0;true;;;;;;;;;;;;;;;;;;;;;;;;;;;;;;;;;;;
31;0.8473333626778963;0;true;;;;;;;;;;;;;;;;;;;;;;;;;;;;;;;;;;;
32;0.8562992960331296;0;true;;;;;;;;;;;;;;;;;;;;;;;;;;;;;;;;;;;
33;0.8621426812845502;0;true;;;;;;;;;;;;;;;;;;;;;;;;;;;;;;;;;;;
34;0.863345972115912;0;true;;;;;;;;;;;;;;;;;;;;;;;;;;;;;;;;;;;
35;0.8756840836834293;0;true;;;;;;;;;;;;;;;;;;;;;;;;;;;;;;;;;;;
36;0.8774941249846843;0;true;;;;;;;;;;;;;;;;;;;;;;;;;;;;;;;;;;;
37;0.8976666721086203;0;true;;;;;;;;;;;;;;;;;;;;;;;;;;;;;;;;;;;
38;0.9074271156354169;0;true;;;;;;;;;;;;;;;;;;;;;;;;;;;;;;;;;;;
39;0.9127321252985773;0;true;;;;;;;;;;;;;;;;;;;;;;;;;;;;;;;;;;;
40;0.918961035203924;0;true;;;;;;;;;;;;;;;;;;;;;;;;;;;;;;;;;;;
41;0.9239230188872136;0;true;;;;;;;;;;;;;;;;;;;;;;;;;;;;;;;;;;;
42;0.9304672483077556;0;true;;;;;;;;;;;;;;;;;;;;;;;;;;;;;;;;;;;
43;0.9288735116618503;0;true;;;;;;;;;;;;;;;;;;;;;;;;;;;;;;;;;;;
44;0.9338735116618497;0;true;;;;;;;;;;;;;;;;;;;;;;;;;;;;;;;;;;;
45;0.9389122482316264;0;true;;;;;;;;;;;;;;;;;;;;;;;;;;;;;;;;;;;
46;0.938336732736197;0;true;;;;;;;;;;;;;;;;;;;;;;;;;;;;;;;;;;;
47;0.9421545319994893;0;true;;;;;;;;;;;;;;;;;;;;;;;;;;;;;;;;;;;
48;0.9500115337790036;0;true;;;;;;;;;;;;;;;;;;;;;;;;;;;;;;;;;;;
49;0.9542072615494968;0;true;;;;;;;;;;;;;;;;;;;;;;;;;;;;;;;;;;;
50;0.9592072615494969;0;true;;;;;;;;;;;;;;;;;;;;;;;;;;;;;;;;;;;
51;0.9670760257248722;0;true;;;;;;;;;;;;;;;;;;;;;;;;;;;;;;;;;;;
52;0.9690560033495759;0;true;;;;;;;;;;;;;;;;;;;;;;;;;;;;;;;;;;;
53;0.9725036232518426;0;true;;;;;;;;;;;;;;;;;;;;;;;;;;;;;;;;;;;
54;0.9770036232518428;0;true;;;;;;;;;;;;;;;;;;;;;;;;;;;;;;;;;;;
55;0.9810036232518425;0;true;;;;;;;;;;;;;;;;;;;;;;;;;;;;;;;;;;;
56;0.9854247675249509;0;true;;;;;;;;;;;;;;;;;;;;;;;;;;;;;;;;;;;
57;0.9859114714632864;0;true;;;;;;;;;;;;;;;;;;;;;;;;;;;;;;;;;;;
58;0.9880423598216184;0;true;;;;;;;;;;;;;;;;;;;;;;;;;;;;;;;;;;;
59;0.9916181025261099;0;true;;;;;;;;;;;;;;;;;;;;;;;;;;;;;;;;;;;
60;0.9911181025261108;0;true;;;;;;;;;;;;;;;;;;;;;;;;;;;;;;;;;;;
61;0.9951181025261099;0;true;;;;;;;;;;;;;;;;;;;;;;;;;;;;;;;;;;;
62;0.9971181025261102;0;true;;;;;;;;;;;;;;;;;;;;;;;;;;;;;;;;;;;
63;0.9979735706398205;0;true;;;;;;;;;;;;;;;;;;;;;;;;;;;;;;;;;;;
64;0.9990915104027807;0;true;;;;;;;;;;;;;;;;;;;;;;;;;;;;;;;;;;;
65;100.059.151.040.278;0;true;;;;;;;;;;;;;;;;;;;;;;;;;;;;;;;;;;;
66;10.011.438.905.005.100;0;true;;;;;;;;;;;;;;;;;;;;;;;;;;;;;;;;;;;
67;10.021.538.463.307.100;0;true;;;;;;;;;;;;;;;;;;;;;;;;;;;;;;;;;;;
68;10.026.538.463.307.100;0;true;;;;;;;;;;;;;;;;;;;;;;;;;;;;;;;;;;;
69;100.420.622.642.845;0;true;;;;;;;;;;;;;;;;;;;;;;;;;;;;;;;;;;;
70;10.088.371.147.867.800;0;true;;;;;;;;;;;;;;;;;;;;;;;;;;;;;;;;;;;
71;10.088.371.147.867.800;0;true;;;;;;;;;;;;;;;;;;;;;;;;;;;;;;;;;;;
72;10.103.371.147.867.800;0;true;;;;;;;;;;;;;;;;;;;;;;;;;;;;;;;;;;;
73;1.011.837.114.786.780;0;true;;;;;;;;;;;;;;;;;;;;;;;;;;;;;;;;;;;
74;10.109.159.705.136.700;0;true;;;;;;;;;;;;;;;;;;;;;;;;;;;;;;;;;;;
75;10.098.371.147.867.800;0;true;;;;;;;;;;;;;;;;;;;;;;;;;;;;;;;;;;;
76;10.102.062.264.284.500;0;true;;;;;;;;;;;;;;;;;;;;;;;;;;;;;;;;;;;
77;10.127.062.264.284.400;0;true;;;;;;;;;;;;;;;;;;;;;;;;;;;;;;;;;;;
78;10.112.062.264.284.400;0;true;;;;;;;;;;;;;;;;;;;;;;;;;;;;;;;;;;;
79;101.470.622.642.845;0;true;;;;;;;;;;;;;;;;;;;;;;;;;;;;;;;;;;;
80;1.013.120.527.893.750;0;true;;;;;;;;;;;;;;;;;;;;;;;;;;;;;;;;;;;
81;1.010.686.087.558.980;0;true;;;;;;;;;;;;;;;;;;;;;;;;;;;;;;;;;;;
82;1.008.620.758.865.870;0;true;;;;;;;;;;;;;;;;;;;;;;;;;;;;;;;;;;;
83;1.006.620.758.865.870;0;true;;;;;;;;;;;;;;;;;;;;;;;;;;;;;;;;;;;
84;10.080.551.992.006.400;0;true;;;;;;;;;;;;;;;;;;;;;;;;;;;;;;;;;;;
85;10.065.551.992.006.400;0;true;;;;;;;;;;;;;;;;;;;;;;;;;;;;;;;;;;;
86;10.079.896.395.354.200;0;true;;;;;;;;;;;;;;;;;;;;;;;;;;;;;;;;;;;
87;10.079.896.395.354.200;0;true;;;;;;;;;;;;;;;;;;;;;;;;;;;;;;;;;;;
88;1.006.989.639.535.420;0;true;;;;;;;;;;;;;;;;;;;;;;;;;;;;;;;;;;;
89;1.006.489.639.535.420;0;true;;;;;;;;;;;;;;;;;;;;;;;;;;;;;;;;;;;
90;10.101.340.549.275.400;0;true;;;;;;;;;;;;;;;;;;;;;;;;;;;;;;;;;;;
91;10.111.340.549.275.400;0;true;;;;;;;;;;;;;;;;;;;;;;;;;;;;;;;;;;;
92;10.111.340.549.275.400;0;true;;;;;;;;;;;;;;;;;;;;;;;;;;;;;;;;;;;
93;10.116.340.549.275.400;0;true;;;;;;;;;;;;;;;;;;;;;;;;;;;;;;;;;;;
94;10.106.340.549.275.400;0;true;;;;;;;;;;;;;;;;;;;;;;;;;;;;;;;;;;;
95;10.111.340.549.275.400;0;true;;;;;;;;;;;;;;;;;;;;;;;;;;;;;;;;;;;
96;10.116.340.549.275.400;0;true;;;;;;;;;;;;;;;;;;;;;;;;;;;;;;;;;;;
97;1.013.134.054.927.540;0;true;;;;;;;;;;;;;;;;;;;;;;;;;;;;;;;;;;;
98;1.013.134.054.927.540;0;true;;;;;;;;;;;;;;;;;;;;;;;;;;;;;;;;;;;
99;10.131.340.549.275.400;0;true;;;;;;;;;;;;;;;;;;;;;;;;;;;;;;;;;;;
100;1.014.185.367.305.910;0;true;;;;;;;;;;;;;;;;;;;;;;;;;;;;;;;;;;;
;;;;;;;;;;;;;;;;;;;;;;;;;;;;;;;;;;;;;;
Average willingness to share;;;;;;;;;;;;;;;;;;;;;;;;;;;;;;;;;;;;;;
x min;x max;y min;y max;autoplot?;current pen;legend open?;number of pens;;;;;;;;;;;;;;;;;;;;;;;;;;;;;;;
0;116;0;1;true;"""default""";false;1;;;;;;;;;;;;;;;;;;;;;;;;;;;;;;;
;;;;;;;;;;;;;;;;;;;;;;;;;;;;;;;;;;;;;;
pen name;pen down?;mode;interval;color;x;;;;;;;;;;;;;;;;;;;;;;;;;;;;;;;;;
default;true;0;1;0;100;;;;;;;;;;;;;;;;;;;;;;;;;;;;;;;;;
;;;;;;;;;;;;;;;;;;;;;;;;;;;;;;;;;;;;;;
default;;;;;;;;;;;;;;;;;;;;;;;;;;;;;;;;;;;;;;
x;y;color;pen down?;;;;;;;;;;;;;;;;;;;;;;;;;;;;;;;;;;;
0;0.4956015598250929;0;true;;;;;;;;;;;;;;;;;;;;;;;;;;;;;;;;;;;
1;0.4956015598250929;0;true;;;;;;;;;;;;;;;;;;;;;;;;;;;;;;;;;;;
2;0.5209993766177499;0;true;;;;;;;;;;;;;;;;;;;;;;;;;;;;;;;;;;;
3;0.5398076920176483;0;true;;;;;;;;;;;;;;;;;;;;;;;;;;;;;;;;;;;
4;0.5473708843522636;0;true;;;;;;;;;;;;;;;;;;;;;;;;;;;;;;;;;;;
5;0.5584538552450582;0;true;;;;;;;;;;;;;;;;;;;;;;;;;;;;;;;;;;;
6;0.5590108455635879;0;true;;;;;;;;;;;;;;;;;;;;;;;;;;;;;;;;;;;
7;0.5535080318818238;0;true;;;;;;;;;;;;;;;;;;;;;;;;;;;;;;;;;;;
8;0.5494499265554563;0;true;;;;;;;;;;;;;;;;;;;;;;;;;;;;;;;;;;;
9;0.5311972804250614;0;true;;;;;;;;;;;;;;;;;;;;;;;;;;;;;;;;;;;
10;0.519472288321461;0;true;;;;;;;;;;;;;;;;;;;;;;;;;;;;;;;;;;;
11;0.5200841810890422;0;true;;;;;;;;;;;;;;;;;;;;;;;;;;;;;;;;;;;
12;0.5188536117932897;0;true;;;;;;;;;;;;;;;;;;;;;;;;;;;;;;;;;;;
13;0.5195673505843533;0;true;;;;;;;;;;;;;;;;;;;;;;;;;;;;;;;;;;;
14;0.5197692583704889;0;true;;;;;;;;;;;;;;;;;;;;;;;;;;;;;;;;;;;
15;0.5133537131503375;0;true;;;;;;;;;;;;;;;;;;;;;;;;;;;;;;;;;;;
16;0.5124242787540004;0;true;;;;;;;;;;;;;;;;;;;;;;;;;;;;;;;;;;;
17;0.5128662473855892;0;true;;;;;;;;;;;;;;;;;;;;;;;;;;;;;;;;;;;
18;0.5093498753137424;0;true;;;;;;;;;;;;;;;;;;;;;;;;;;;;;;;;;;;
19;0.5076198022170056;0;true;;;;;;;;;;;;;;;;;;;;;;;;;;;;;;;;;;;
20;0.5144500305074847;0;true;;;;;;;;;;;;;;;;;;;;;;;;;;;;;;;;;;;
21;0.5056233359302721;0;true;;;;;;;;;;;;;;;;;;;;;;;;;;;;;;;;;;;
22;0.5024601772918843;0;true;;;;;;;;;;;;;;;;;;;;;;;;;;;;;;;;;;;
23;0.4954651781760467;0;true;;;;;;;;;;;;;;;;;;;;;;;;;;;;;;;;;;;
24;0.49026974376581967;0;true;;;;;;;;;;;;;;;;;;;;;;;;;;;;;;;;;;;
25;0.4878268550589649;0;true;;;;;;;;;;;;;;;;;;;;;;;;;;;;;;;;;;;
26;0.4897982045637583;0;true;;;;;;;;;;;;;;;;;;;;;;;;;;;;;;;;;;;
27;0.48951144322717055;0;true;;;;;;;;;;;;;;;;;;;;;;;;;;;;;;;;;;;
28;0.4888864529387533;0;true;;;;;;;;;;;;;;;;;;;;;;;;;;;;;;;;;;;
29;0.48866889481578923;0;true;;;;;;;;;;;;;;;;;;;;;;;;;;;;;;;;;;;
30;0.4908197037707677;0;true;;;;;;;;;;;;;;;;;;;;;;;;;;;;;;;;;;;
31;0.49257711884637173;0;true;;;;;;;;;;;;;;;;;;;;;;;;;;;;;;;;;;;
32;0.4973051184949944;0;true;;;;;;;;;;;;;;;;;;;;;;;;;;;;;;;;;;;
33;0.49593531714166156;0;true;;;;;;;;;;;;;;;;;;;;;;;;;;;;;;;;;;;
34;0.4978364380549337;0;true;;;;;;;;;;;;;;;;;;;;;;;;;;;;;;;;;;;
35;0.49569181770290804;0;true;;;;;;;;;;;;;;;;;;;;;;;;;;;;;;;;;;;
36;0.4923823883176744;0;true;;;;;;;;;;;;;;;;;;;;;;;;;;;;;;;;;;;
37;0.49506345804799395;0;true;;;;;;;;;;;;;;;;;;;;;;;;;;;;;;;;;;;
38;0.49336838823944545;0;true;;;;;;;;;;;;;;;;;;;;;;;;;;;;;;;;;;;
39;0.49218781040258774;0;true;;;;;;;;;;;;;;;;;;;;;;;;;;;;;;;;;;;
40;0.49627462369569136;0;true;;;;;;;;;;;;;;;;;;;;;;;;;;;;;;;;;;;
41;0.49630418870525583;0;true;;;;;;;;;;;;;;;;;;;;;;;;;;;;;;;;;;;
42;0.4957053940599069;0;true;;;;;;;;;;;;;;;;;;;;;;;;;;;;;;;;;;;
43;0.497650802248911;0;true;;;;;;;;;;;;;;;;;;;;;;;;;;;;;;;;;;;
44;0.4995572415774718;0;true;;;;;;;;;;;;;;;;;;;;;;;;;;;;;;;;;;;
45;0.4989584469321225;0;true;;;;;;;;;;;;;;;;;;;;;;;;;;;;;;;;;;;
46;0.5011805432632199;0;true;;;;;;;;;;;;;;;;;;;;;;;;;;;;;;;;;;;
47;0.4986519261964916;0;true;;;;;;;;;;;;;;;;;;;;;;;;;;;;;;;;;;;
48;0.4986642967161902;0;true;;;;;;;;;;;;;;;;;;;;;;;;;;;;;;;;;;;
49;0.497886296947935;0;true;;;;;;;;;;;;;;;;;;;;;;;;;;;;;;;;;;;
50;0.4978862969479346;0;true;;;;;;;;;;;;;;;;;;;;;;;;;;;;;;;;;;;
51;0.4961288818723304;0;true;;;;;;;;;;;;;;;;;;;;;;;;;;;;;;;;;;;
52;0.49708210153661125;0;true;;;;;;;;;;;;;;;;;;;;;;;;;;;;;;;;;;;
53;0.4969207067639559;0;true;;;;;;;;;;;;;;;;;;;;;;;;;;;;;;;;;;;
54;0.496920706763956;0;true;;;;;;;;;;;;;;;;;;;;;;;;;;;;;;;;;;;
55;0.49692070676395594;0;true;;;;;;;;;;;;;;;;;;;;;;;;;;;;;;;;;;;
56;0.49672424810704485;0;true;;;;;;;;;;;;;;;;;;;;;;;;;;;;;;;;;;;
57;0.4983058274262389;0;true;;;;;;;;;;;;;;;;;;;;;;;;;;;;;;;;;;;
58;0.4983058274262385;0;true;;;;;;;;;;;;;;;;;;;;;;;;;;;;;;;;;;;
59;0.4967538131166094;0;true;;;;;;;;;;;;;;;;;;;;;;;;;;;;;;;;;;;
60;0.4965690352511355;0;true;;;;;;;;;;;;;;;;;;;;;;;;;;;;;;;;;;;
61;0.4965690352511356;0;true;;;;;;;;;;;;;;;;;;;;;;;;;;;;;;;;;;;
62;0.49674487100754566;0;true;;;;;;;;;;;;;;;;;;;;;;;;;;;;;;;;;;;
63;0.4949874559319416;0;true;;;;;;;;;;;;;;;;;;;;;;;;;;;;;;;;;;;
64;0.49438866128659237;0;true;;;;;;;;;;;;;;;;;;;;;;;;;;;;;;;;;;;
65;0.4943886612865929;0;true;;;;;;;;;;;;;;;;;;;;;;;;;;;;;;;;;;;
66;0.4945644970430024;0;true;;;;;;;;;;;;;;;;;;;;;;;;;;;;;;;;;;;
67;0.49596748709967536;0;true;;;;;;;;;;;;;;;;;;;;;;;;;;;;;;;;;;;
68;0.4959674870996753;0;true;;;;;;;;;;;;;;;;;;;;;;;;;;;;;;;;;;;
69;0.49772490217527965;0;true;;;;;;;;;;;;;;;;;;;;;;;;;;;;;;;;;;;
70;0.4963487236220602;0;true;;;;;;;;;;;;;;;;;;;;;;;;;;;;;;;;;;;
71;0.4963487236220602;0;true;;;;;;;;;;;;;;;;;;;;;;;;;;;;;;;;;;;
72;0.49634872362205945;0;true;;;;;;;;;;;;;;;;;;;;;;;;;;;;;;;;;;;
73;0.4963487236220599;0;true;;;;;;;;;;;;;;;;;;;;;;;;;;;;;;;;;;;
74;0.4947967093124306;0;true;;;;;;;;;;;;;;;;;;;;;;;;;;;;;;;;;;;
75;0.49655412438803453;0;true;;;;;;;;;;;;;;;;;;;;;;;;;;;;;;;;;;;
76;0.4979303029412542;0;true;;;;;;;;;;;;;;;;;;;;;;;;;;;;;;;;;;;
77;0.49793030294125395;0;true;;;;;;;;;;;;;;;;;;;;;;;;;;;;;;;;;;;
78;0.4979303029412542;0;true;;;;;;;;;;;;;;;;;;;;;;;;;;;;;;;;;;;
79;0.49793030294125384;0;true;;;;;;;;;;;;;;;;;;;;;;;;;;;;;;;;;;;
80;0.4973315082959047;0;true;;;;;;;;;;;;;;;;;;;;;;;;;;;;;;;;;;;
81;0.4963782886316243;0;true;;;;;;;;;;;;;;;;;;;;;;;;;;;;;;;;;;;
82;0.4948262743219949;0;true;;;;;;;;;;;;;;;;;;;;;;;;;;;;;;;;;;;
83;0.49482627432199505;0;true;;;;;;;;;;;;;;;;;;;;;;;;;;;;;;;;;;;
84;0.4957794939862751;0;true;;;;;;;;;;;;;;;;;;;;;;;;;;;;;;;;;;;
85;0.4957794939862751;0;true;;;;;;;;;;;;;;;;;;;;;;;;;;;;;;;;;;;
86;0.49601430564324434;0;true;;;;;;;;;;;;;;;;;;;;;;;;;;;;;;;;;;;
87;0.4960143056432444;0;true;;;;;;;;;;;;;;;;;;;;;;;;;;;;;;;;;;;
88;0.4960143056432446;0;true;;;;;;;;;;;;;;;;;;;;;;;;;;;;;;;;;;;
89;0.49601430564324445;0;true;;;;;;;;;;;;;;;;;;;;;;;;;;;;;;;;;;;
90;0.49733150829590456;0;true;;;;;;;;;;;;;;;;;;;;;;;;;;;;;;;;;;;
91;0.4975162861613785;0;true;;;;;;;;;;;;;;;;;;;;;;;;;;;;;;;;;;;
92;0.49751628616137816;0;true;;;;;;;;;;;;;;;;;;;;;;;;;;;;;;;;;;;
93;0.497516286161378;0;true;;;;;;;;;;;;;;;;;;;;;;;;;;;;;;;;;;;
94;0.49751628616137855;0;true;;;;;;;;;;;;;;;;;;;;;;;;;;;;;;;;;;;
95;0.49751628616137866;0;true;;;;;;;;;;;;;;;;;;;;;;;;;;;;;;;;;;;
96;0.49751628616137866;0;true;;;;;;;;;;;;;;;;;;;;;;;;;;;;;;;;;;;
97;0.49751628616137866;0;true;;;;;;;;;;;;;;;;;;;;;;;;;;;;;;;;;;;
98;0.49751628616137866;0;true;;;;;;;;;;;;;;;;;;;;;;;;;;;;;;;;;;;
99;0.4975162861613787;0;true;;;;;;;;;;;;;;;;;;;;;;;;;;;;;;;;;;;
100;0.4961401076081591;0;true;;;;;;;;;;;;;;;;;;;;;;;;;;;;;;;;;;;
;;;;;;;;;;;;;;;;;;;;;;;;;;;;;;;;;;;;;;
Entities that shared knowledge;;;;;;;;;;;;;;;;;;;;;;;;;;;;;;;;;;;;;;
x min;x max;y min;y max;autoplot?;current pen;legend open?;number of pens;;;;;;;;;;;;;;;;;;;;;;;;;;;;;;;
0;116;0;102;true;"""default""";false;1;;;;;;;;;;;;;;;;;;;;;;;;;;;;;;;
;;;;;;;;;;;;;;;;;;;;;;;;;;;;;;;;;;;;;;
pen name;pen down?;mode;interval;color;x;;;;;;;;;;;;;;;;;;;;;;;;;;;;;;;;;
default;true;0;1;65;100;;;;;;;;;;;;;;;;;;;;;;;;;;;;;;;;;
;;;;;;;;;;;;;;;;;;;;;;;;;;;;;;;;;;;;;;
default;;;;;;;;;;;;;;;;;;;;;;;;;;;;;;;;;;;;;;
x;y;color;pen down?;;;;;;;;;;;;;;;;;;;;;;;;;;;;;;;;;;;
0;0;65;true;;;;;;;;;;;;;;;;;;;;;;;;;;;;;;;;;;;
1;21;65;true;;;;;;;;;;;;;;;;;;;;;;;;;;;;;;;;;;;
2;28;65;true;;;;;;;;;;;;;;;;;;;;;;;;;;;;;;;;;;;
3;21;65;true;;;;;;;;;;;;;;;;;;;;;;;;;;;;;;;;;;;
4;37;65;true;;;;;;;;;;;;;;;;;;;;;;;;;;;;;;;;;;;
5;36;65;true;;;;;;;;;;;;;;;;;;;;;;;;;;;;;;;;;;;
6;34;65;true;;;;;;;;;;;;;;;;;;;;;;;;;;;;;;;;;;;
7;33;65;true;;;;;;;;;;;;;;;;;;;;;;;;;;;;;;;;;;;
8;20;65;true;;;;;;;;;;;;;;;;;;;;;;;;;;;;;;;;;;;
9;38;65;true;;;;;;;;;;;;;;;;;;;;;;;;;;;;;;;;;;;
10;35;65;true;;;;;;;;;;;;;;;;;;;;;;;;;;;;;;;;;;;
11;40;65;true;;;;;;;;;;;;;;;;;;;;;;;;;;;;;;;;;;;
12;38;65;true;;;;;;;;;;;;;;;;;;;;;;;;;;;;;;;;;;;
13;39;65;true;;;;;;;;;;;;;;;;;;;;;;;;;;;;;;;;;;;
14;37;65;true;;;;;;;;;;;;;;;;;;;;;;;;;;;;;;;;;;;
15;48;65;true;;;;;;;;;;;;;;;;;;;;;;;;;;;;;;;;;;;
16;38;65;true;;;;;;;;;;;;;;;;;;;;;;;;;;;;;;;;;;;
17;44;65;true;;;;;;;;;;;;;;;;;;;;;;;;;;;;;;;;;;;
18;41;65;true;;;;;;;;;;;;;;;;;;;;;;;;;;;;;;;;;;;
19;45;65;true;;;;;;;;;;;;;;;;;;;;;;;;;;;;;;;;;;;
20;43;65;true;;;;;;;;;;;;;;;;;;;;;;;;;;;;;;;;;;;
21;52;65;true;;;;;;;;;;;;;;;;;;;;;;;;;;;;;;;;;;;
22;53;65;true;;;;;;;;;;;;;;;;;;;;;;;;;;;;;;;;;;;
23;52;65;true;;;;;;;;;;;;;;;;;;;;;;;;;;;;;;;;;;;
24;45;65;true;;;;;;;;;;;;;;;;;;;;;;;;;;;;;;;;;;;
25;55;65;true;;;;;;;;;;;;;;;;;;;;;;;;;;;;;;;;;;;
26;52;65;true;;;;;;;;;;;;;;;;;;;;;;;;;;;;;;;;;;;
27;55;65;true;;;;;;;;;;;;;;;;;;;;;;;;;;;;;;;;;;;
28;55;65;true;;;;;;;;;;;;;;;;;;;;;;;;;;;;;;;;;;;
29;54;65;true;;;;;;;;;;;;;;;;;;;;;;;;;;;;;;;;;;;
30;54;65;true;;;;;;;;;;;;;;;;;;;;;;;;;;;;;;;;;;;
31;64;65;true;;;;;;;;;;;;;;;;;;;;;;;;;;;;;;;;;;;
32;69;65;true;;;;;;;;;;;;;;;;;;;;;;;;;;;;;;;;;;;
33;68;65;true;;;;;;;;;;;;;;;;;;;;;;;;;;;;;;;;;;;
34;54;65;true;;;;;;;;;;;;;;;;;;;;;;;;;;;;;;;;;;;
35;66;65;true;;;;;;;;;;;;;;;;;;;;;;;;;;;;;;;;;;;
36;61;65;true;;;;;;;;;;;;;;;;;;;;;;;;;;;;;;;;;;;
37;61;65;true;;;;;;;;;;;;;;;;;;;;;;;;;;;;;;;;;;;
38;62;65;true;;;;;;;;;;;;;;;;;;;;;;;;;;;;;;;;;;;
39;70;65;true;;;;;;;;;;;;;;;;;;;;;;;;;;;;;;;;;;;
40;73;65;true;;;;;;;;;;;;;;;;;;;;;;;;;;;;;;;;;;;
41;67;65;true;;;;;;;;;;;;;;;;;;;;;;;;;;;;;;;;;;;
42;81;65;true;;;;;;;;;;;;;;;;;;;;;;;;;;;;;;;;;;;
43;71;65;true;;;;;;;;;;;;;;;;;;;;;;;;;;;;;;;;;;;
44;73;65;true;;;;;;;;;;;;;;;;;;;;;;;;;;;;;;;;;;;
45;66;65;true;;;;;;;;;;;;;;;;;;;;;;;;;;;;;;;;;;;
46;68;65;true;;;;;;;;;;;;;;;;;;;;;;;;;;;;;;;;;;;
47;70;65;true;;;;;;;;;;;;;;;;;;;;;;;;;;;;;;;;;;;
48;69;65;true;;;;;;;;;;;;;;;;;;;;;;;;;;;;;;;;;;;
49;75;65;true;;;;;;;;;;;;;;;;;;;;;;;;;;;;;;;;;;;
50;70;65;true;;;;;;;;;;;;;;;;;;;;;;;;;;;;;;;;;;;
51;87;65;true;;;;;;;;;;;;;;;;;;;;;;;;;;;;;;;;;;;
52;75;65;true;;;;;;;;;;;;;;;;;;;;;;;;;;;;;;;;;;;
53;69;65;true;;;;;;;;;;;;;;;;;;;;;;;;;;;;;;;;;;;
54;76;65;true;;;;;;;;;;;;;;;;;;;;;;;;;;;;;;;;;;;
55;75;65;true;;;;;;;;;;;;;;;;;;;;;;;;;;;;;;;;;;;
56;80;65;true;;;;;;;;;;;;;;;;;;;;;;;;;;;;;;;;;;;
57;70;65;true;;;;;;;;;;;;;;;;;;;;;;;;;;;;;;;;;;;
58;70;65;true;;;;;;;;;;;;;;;;;;;;;;;;;;;;;;;;;;;
59;79;65;true;;;;;;;;;;;;;;;;;;;;;;;;;;;;;;;;;;;
60;72;65;true;;;;;;;;;;;;;;;;;;;;;;;;;;;;;;;;;;;
61;73;65;true;;;;;;;;;;;;;;;;;;;;;;;;;;;;;;;;;;;
62;82;65;true;;;;;;;;;;;;;;;;;;;;;;;;;;;;;;;;;;;
63;75;65;true;;;;;;;;;;;;;;;;;;;;;;;;;;;;;;;;;;;
64;93;65;true;;;;;;;;;;;;;;;;;;;;;;;;;;;;;;;;;;;
65;82;65;true;;;;;;;;;;;;;;;;;;;;;;;;;;;;;;;;;;;
66;73;65;true;;;;;;;;;;;;;;;;;;;;;;;;;;;;;;;;;;;
67;83;65;true;;;;;;;;;;;;;;;;;;;;;;;;;;;;;;;;;;;
68;74;65;true;;;;;;;;;;;;;;;;;;;;;;;;;;;;;;;;;;;
69;76;65;true;;;;;;;;;;;;;;;;;;;;;;;;;;;;;;;;;;;
70;64;65;true;;;;;;;;;;;;;;;;;;;;;;;;;;;;;;;;;;;
71;83;65;true;;;;;;;;;;;;;;;;;;;;;;;;;;;;;;;;;;;
72;71;65;true;;;;;;;;;;;;;;;;;;;;;;;;;;;;;;;;;;;
73;84;65;true;;;;;;;;;;;;;;;;;;;;;;;;;;;;;;;;;;;
74;72;65;true;;;;;;;;;;;;;;;;;;;;;;;;;;;;;;;;;;;
75;75;65;true;;;;;;;;;;;;;;;;;;;;;;;;;;;;;;;;;;;
76;83;65;true;;;;;;;;;;;;;;;;;;;;;;;;;;;;;;;;;;;
77;74;65;true;;;;;;;;;;;;;;;;;;;;;;;;;;;;;;;;;;;
78;79;65;true;;;;;;;;;;;;;;;;;;;;;;;;;;;;;;;;;;;
79;75;65;true;;;;;;;;;;;;;;;;;;;;;;;;;;;;;;;;;;;
80;79;65;true;;;;;;;;;;;;;;;;;;;;;;;;;;;;;;;;;;;
81;71;65;true;;;;;;;;;;;;;;;;;;;;;;;;;;;;;;;;;;;
82;78;65;true;;;;;;;;;;;;;;;;;;;;;;;;;;;;;;;;;;;
83;73;65;true;;;;;;;;;;;;;;;;;;;;;;;;;;;;;;;;;;;
84;75;65;true;;;;;;;;;;;;;;;;;;;;;;;;;;;;;;;;;;;
85;74;65;true;;;;;;;;;;;;;;;;;;;;;;;;;;;;;;;;;;;
86;81;65;true;;;;;;;;;;;;;;;;;;;;;;;;;;;;;;;;;;;
87;71;65;true;;;;;;;;;;;;;;;;;;;;;;;;;;;;;;;;;;;
88;84;65;true;;;;;;;;;;;;;;;;;;;;;;;;;;;;;;;;;;;
89;72;65;true;;;;;;;;;;;;;;;;;;;;;;;;;;;;;;;;;;;
90;81;65;true;;;;;;;;;;;;;;;;;;;;;;;;;;;;;;;;;;;
91;74;65;true;;;;;;;;;;;;;;;;;;;;;;;;;;;;;;;;;;;
92;78;65;true;;;;;;;;;;;;;;;;;;;;;;;;;;;;;;;;;;;
93;79;65;true;;;;;;;;;;;;;;;;;;;;;;;;;;;;;;;;;;;
94;75;65;true;;;;;;;;;;;;;;;;;;;;;;;;;;;;;;;;;;;
95;73;65;true;;;;;;;;;;;;;;;;;;;;;;;;;;;;;;;;;;;
96;80;65;true;;;;;;;;;;;;;;;;;;;;;;;;;;;;;;;;;;;
97;84;65;true;;;;;;;;;;;;;;;;;;;;;;;;;;;;;;;;;;;
98;75;65;true;;;;;;;;;;;;;;;;;;;;;;;;;;;;;;;;;;;
99;88;65;true;;;;;;;;;;;;;;;;;;;;;;;;;;;;;;;;;;;
100;77;65;true;;;;;;;;;;;;;;;;;;;;;;;;;;;;;;;;;;;
;;;;;;;;;;;;;;;;;;;;;;;;;;;;;;;;;;;;;;
Entities that attempted to learn;;;;;;;;;;;;;;;;;;;;;;;;;;;;;;;;;;;;;;
x min;x max;y min;y max;autoplot?;current pen;legend open?;number of pens;;;;;;;;;;;;;;;;;;;;;;;;;;;;;;;
0;116;0;124;true;"""default""";false;1;;;;;;;;;;;;;;;;;;;;;;;;;;;;;;;
;;;;;;;;;;;;;;;;;;;;;;;;;;;;;;;;;;;;;;
pen name;pen down?;mode;interval;color;x;;;;;;;;;;;;;;;;;;;;;;;;;;;;;;;;;
default;true;0;1;125;100;;;;;;;;;;;;;;;;;;;;;;;;;;;;;;;;;
;;;;;;;;;;;;;;;;;;;;;;;;;;;;;;;;;;;;;;
default;;;;;;;;;;;;;;;;;;;;;;;;;;;;;;;;;;;;;;
x;y;color;pen down?;;;;;;;;;;;;;;;;;;;;;;;;;;;;;;;;;;;
0;0;125;true;;;;;;;;;;;;;;;;;;;;;;;;;;;;;;;;;;;
1;25;125;true;;;;;;;;;;;;;;;;;;;;;;;;;;;;;;;;;;;
2;31;125;true;;;;;;;;;;;;;;;;;;;;;;;;;;;;;;;;;;;
3;32;125;true;;;;;;;;;;;;;;;;;;;;;;;;;;;;;;;;;;;
4;40;125;true;;;;;;;;;;;;;;;;;;;;;;;;;;;;;;;;;;;
5;38;125;true;;;;;;;;;;;;;;;;;;;;;;;;;;;;;;;;;;;
6;44;125;true;;;;;;;;;;;;;;;;;;;;;;;;;;;;;;;;;;;
7;34;125;true;;;;;;;;;;;;;;;;;;;;;;;;;;;;;;;;;;;
8;22;125;true;;;;;;;;;;;;;;;;;;;;;;;;;;;;;;;;;;;
9;40;125;true;;;;;;;;;;;;;;;;;;;;;;;;;;;;;;;;;;;
10;38;125;true;;;;;;;;;;;;;;;;;;;;;;;;;;;;;;;;;;;
11;43;125;true;;;;;;;;;;;;;;;;;;;;;;;;;;;;;;;;;;;
12;43;125;true;;;;;;;;;;;;;;;;;;;;;;;;;;;;;;;;;;;
13;44;125;true;;;;;;;;;;;;;;;;;;;;;;;;;;;;;;;;;;;
14;39;125;true;;;;;;;;;;;;;;;;;;;;;;;;;;;;;;;;;;;
15;51;125;true;;;;;;;;;;;;;;;;;;;;;;;;;;;;;;;;;;;
16;52;125;true;;;;;;;;;;;;;;;;;;;;;;;;;;;;;;;;;;;
17;54;125;true;;;;;;;;;;;;;;;;;;;;;;;;;;;;;;;;;;;
18;46;125;true;;;;;;;;;;;;;;;;;;;;;;;;;;;;;;;;;;;
19;52;125;true;;;;;;;;;;;;;;;;;;;;;;;;;;;;;;;;;;;
20;52;125;true;;;;;;;;;;;;;;;;;;;;;;;;;;;;;;;;;;;
21;65;125;true;;;;;;;;;;;;;;;;;;;;;;;;;;;;;;;;;;;
22;63;125;true;;;;;;;;;;;;;;;;;;;;;;;;;;;;;;;;;;;
23;59;125;true;;;;;;;;;;;;;;;;;;;;;;;;;;;;;;;;;;;
24;57;125;true;;;;;;;;;;;;;;;;;;;;;;;;;;;;;;;;;;;
25;75;125;true;;;;;;;;;;;;;;;;;;;;;;;;;;;;;;;;;;;
26;67;125;true;;;;;;;;;;;;;;;;;;;;;;;;;;;;;;;;;;;
27;69;125;true;;;;;;;;;;;;;;;;;;;;;;;;;;;;;;;;;;;
28;64;125;true;;;;;;;;;;;;;;;;;;;;;;;;;;;;;;;;;;;
29;68;125;true;;;;;;;;;;;;;;;;;;;;;;;;;;;;;;;;;;;
30;68;125;true;;;;;;;;;;;;;;;;;;;;;;;;;;;;;;;;;;;
31;80;125;true;;;;;;;;;;;;;;;;;;;;;;;;;;;;;;;;;;;
32;87;125;true;;;;;;;;;;;;;;;;;;;;;;;;;;;;;;;;;;;
33;79;125;true;;;;;;;;;;;;;;;;;;;;;;;;;;;;;;;;;;;
34;72;125;true;;;;;;;;;;;;;;;;;;;;;;;;;;;;;;;;;;;
35;85;125;true;;;;;;;;;;;;;;;;;;;;;;;;;;;;;;;;;;;
36;73;125;true;;;;;;;;;;;;;;;;;;;;;;;;;;;;;;;;;;;
37;76;125;true;;;;;;;;;;;;;;;;;;;;;;;;;;;;;;;;;;;
38;77;125;true;;;;;;;;;;;;;;;;;;;;;;;;;;;;;;;;;;;
39;90;125;true;;;;;;;;;;;;;;;;;;;;;;;;;;;;;;;;;;;
40;92;125;true;;;;;;;;;;;;;;;;;;;;;;;;;;;;;;;;;;;
41;81;125;true;;;;;;;;;;;;;;;;;;;;;;;;;;;;;;;;;;;
42;101;125;true;;;;;;;;;;;;;;;;;;;;;;;;;;;;;;;;;;;
43;92;125;true;;;;;;;;;;;;;;;;;;;;;;;;;;;;;;;;;;;
44;88;125;true;;;;;;;;;;;;;;;;;;;;;;;;;;;;;;;;;;;
45;88;125;true;;;;;;;;;;;;;;;;;;;;;;;;;;;;;;;;;;;
46;90;125;true;;;;;;;;;;;;;;;;;;;;;;;;;;;;;;;;;;;
47;94;125;true;;;;;;;;;;;;;;;;;;;;;;;;;;;;;;;;;;;
48;86;125;true;;;;;;;;;;;;;;;;;;;;;;;;;;;;;;;;;;;
49;96;125;true;;;;;;;;;;;;;;;;;;;;;;;;;;;;;;;;;;;
50;93;125;true;;;;;;;;;;;;;;;;;;;;;;;;;;;;;;;;;;;
51;111;125;true;;;;;;;;;;;;;;;;;;;;;;;;;;;;;;;;;;;
52;100;125;true;;;;;;;;;;;;;;;;;;;;;;;;;;;;;;;;;;;
53;90;125;true;;;;;;;;;;;;;;;;;;;;;;;;;;;;;;;;;;;
54;100;125;true;;;;;;;;;;;;;;;;;;;;;;;;;;;;;;;;;;;
55;108;125;true;;;;;;;;;;;;;;;;;;;;;;;;;;;;;;;;;;;
56;105;125;true;;;;;;;;;;;;;;;;;;;;;;;;;;;;;;;;;;;
57;90;125;true;;;;;;;;;;;;;;;;;;;;;;;;;;;;;;;;;;;
58;93;125;true;;;;;;;;;;;;;;;;;;;;;;;;;;;;;;;;;;;
59;100;125;true;;;;;;;;;;;;;;;;;;;;;;;;;;;;;;;;;;;
60;92;125;true;;;;;;;;;;;;;;;;;;;;;;;;;;;;;;;;;;;
61;102;125;true;;;;;;;;;;;;;;;;;;;;;;;;;;;;;;;;;;;
62;113;125;true;;;;;;;;;;;;;;;;;;;;;;;;;;;;;;;;;;;
63;90;125;true;;;;;;;;;;;;;;;;;;;;;;;;;;;;;;;;;;;
64;124;125;true;;;;;;;;;;;;;;;;;;;;;;;;;;;;;;;;;;;
65;108;125;true;;;;;;;;;;;;;;;;;;;;;;;;;;;;;;;;;;;
66;88;125;true;;;;;;;;;;;;;;;;;;;;;;;;;;;;;;;;;;;
67;106;125;true;;;;;;;;;;;;;;;;;;;;;;;;;;;;;;;;;;;
68;97;125;true;;;;;;;;;;;;;;;;;;;;;;;;;;;;;;;;;;;
69;102;125;true;;;;;;;;;;;;;;;;;;;;;;;;;;;;;;;;;;;
70;96;125;true;;;;;;;;;;;;;;;;;;;;;;;;;;;;;;;;;;;
71;104;125;true;;;;;;;;;;;;;;;;;;;;;;;;;;;;;;;;;;;
72;102;125;true;;;;;;;;;;;;;;;;;;;;;;;;;;;;;;;;;;;
73;104;125;true;;;;;;;;;;;;;;;;;;;;;;;;;;;;;;;;;;;
74;96;125;true;;;;;;;;;;;;;;;;;;;;;;;;;;;;;;;;;;;
75;107;125;true;;;;;;;;;;;;;;;;;;;;;;;;;;;;;;;;;;;
76;105;125;true;;;;;;;;;;;;;;;;;;;;;;;;;;;;;;;;;;;
77;98;125;true;;;;;;;;;;;;;;;;;;;;;;;;;;;;;;;;;;;
78;96;125;true;;;;;;;;;;;;;;;;;;;;;;;;;;;;;;;;;;;
79;104;125;true;;;;;;;;;;;;;;;;;;;;;;;;;;;;;;;;;;;
80;101;125;true;;;;;;;;;;;;;;;;;;;;;;;;;;;;;;;;;;;
81;92;125;true;;;;;;;;;;;;;;;;;;;;;;;;;;;;;;;;;;;
82;99;125;true;;;;;;;;;;;;;;;;;;;;;;;;;;;;;;;;;;;
83;103;125;true;;;;;;;;;;;;;;;;;;;;;;;;;;;;;;;;;;;
84;98;125;true;;;;;;;;;;;;;;;;;;;;;;;;;;;;;;;;;;;
85;105;125;true;;;;;;;;;;;;;;;;;;;;;;;;;;;;;;;;;;;
86;102;125;true;;;;;;;;;;;;;;;;;;;;;;;;;;;;;;;;;;;
87;94;125;true;;;;;;;;;;;;;;;;;;;;;;;;;;;;;;;;;;;
88;112;125;true;;;;;;;;;;;;;;;;;;;;;;;;;;;;;;;;;;;
89;93;125;true;;;;;;;;;;;;;;;;;;;;;;;;;;;;;;;;;;;
90;104;125;true;;;;;;;;;;;;;;;;;;;;;;;;;;;;;;;;;;;
91;96;125;true;;;;;;;;;;;;;;;;;;;;;;;;;;;;;;;;;;;
92;104;125;true;;;;;;;;;;;;;;;;;;;;;;;;;;;;;;;;;;;
93;104;125;true;;;;;;;;;;;;;;;;;;;;;;;;;;;;;;;;;;;
94;90;125;true;;;;;;;;;;;;;;;;;;;;;;;;;;;;;;;;;;;
95;92;125;true;;;;;;;;;;;;;;;;;;;;;;;;;;;;;;;;;;;
96;112;125;true;;;;;;;;;;;;;;;;;;;;;;;;;;;;;;;;;;;
97;113;125;true;;;;;;;;;;;;;;;;;;;;;;;;;;;;;;;;;;;
98;95;125;true;;;;;;;;;;;;;;;;;;;;;;;;;;;;;;;;;;;
99;115;125;true;;;;;;;;;;;;;;;;;;;;;;;;;;;;;;;;;;;
100;101;125;true;;;;;;;;;;;;;;;;;;;;;;;;;;;;;;;;;;;
;;;;;;;;;;;;;;;;;;;;;;;;;;;;;;;;;;;;;;
Entities that attempted mutation;;;;;;;;;;;;;;;;;;;;;;;;;;;;;;;;;;;;;;
x min;x max;y min;y max;autoplot?;current pen;legend open?;number of pens;;;;;;;;;;;;;;;;;;;;;;;;;;;;;;;
0;116;0;85.8;true;"""default""";false;1;;;;;;;;;;;;;;;;;;;;;;;;;;;;;;;
;;;;;;;;;;;;;;;;;;;;;;;;;;;;;;;;;;;;;;
pen name;pen down?;mode;interval;color;x;;;;;;;;;;;;;;;;;;;;;;;;;;;;;;;;;
default;true;0;1;105;100;;;;;;;;;;;;;;;;;;;;;;;;;;;;;;;;;
;;;;;;;;;;;;;;;;;;;;;;;;;;;;;;;;;;;;;;
default;;;;;;;;;;;;;;;;;;;;;;;;;;;;;;;;;;;;;;
x;y;color;pen down?;;;;;;;;;;;;;;;;;;;;;;;;;;;;;;;;;;;
0;0;105;true;;;;;;;;;;;;;;;;;;;;;;;;;;;;;;;;;;;
1;52;105;true;;;;;;;;;;;;;;;;;;;;;;;;;;;;;;;;;;;
2;66;105;true;;;;;;;;;;;;;;;;;;;;;;;;;;;;;;;;;;;
3;68;105;true;;;;;;;;;;;;;;;;;;;;;;;;;;;;;;;;;;;
4;68;105;true;;;;;;;;;;;;;;;;;;;;;;;;;;;;;;;;;;;
5;64;105;true;;;;;;;;;;;;;;;;;;;;;;;;;;;;;;;;;;;
6;67;105;true;;;;;;;;;;;;;;;;;;;;;;;;;;;;;;;;;;;
7;72;105;true;;;;;;;;;;;;;;;;;;;;;;;;;;;;;;;;;;;
8;78;105;true;;;;;;;;;;;;;;;;;;;;;;;;;;;;;;;;;;;
9;60;105;true;;;;;;;;;;;;;;;;;;;;;;;;;;;;;;;;;;;
10;58;105;true;;;;;;;;;;;;;;;;;;;;;;;;;;;;;;;;;;;
11;54;105;true;;;;;;;;;;;;;;;;;;;;;;;;;;;;;;;;;;;
12;44;105;true;;;;;;;;;;;;;;;;;;;;;;;;;;;;;;;;;;;
13;46;105;true;;;;;;;;;;;;;;;;;;;;;;;;;;;;;;;;;;;
14;44;105;true;;;;;;;;;;;;;;;;;;;;;;;;;;;;;;;;;;;
15;48;105;true;;;;;;;;;;;;;;;;;;;;;;;;;;;;;;;;;;;
16;46;105;true;;;;;;;;;;;;;;;;;;;;;;;;;;;;;;;;;;;
17;43;105;true;;;;;;;;;;;;;;;;;;;;;;;;;;;;;;;;;;;
18;41;105;true;;;;;;;;;;;;;;;;;;;;;;;;;;;;;;;;;;;
19;38;105;true;;;;;;;;;;;;;;;;;;;;;;;;;;;;;;;;;;;
20;37;105;true;;;;;;;;;;;;;;;;;;;;;;;;;;;;;;;;;;;
21;34;105;true;;;;;;;;;;;;;;;;;;;;;;;;;;;;;;;;;;;
22;37;105;true;;;;;;;;;;;;;;;;;;;;;;;;;;;;;;;;;;;
23;33;105;true;;;;;;;;;;;;;;;;;;;;;;;;;;;;;;;;;;;
24;25;105;true;;;;;;;;;;;;;;;;;;;;;;;;;;;;;;;;;;;
25;21;105;true;;;;;;;;;;;;;;;;;;;;;;;;;;;;;;;;;;;
26;26;105;true;;;;;;;;;;;;;;;;;;;;;;;;;;;;;;;;;;;
27;21;105;true;;;;;;;;;;;;;;;;;;;;;;;;;;;;;;;;;;;
28;24;105;true;;;;;;;;;;;;;;;;;;;;;;;;;;;;;;;;;;;
29;21;105;true;;;;;;;;;;;;;;;;;;;;;;;;;;;;;;;;;;;
30;18;105;true;;;;;;;;;;;;;;;;;;;;;;;;;;;;;;;;;;;
31;23;105;true;;;;;;;;;;;;;;;;;;;;;;;;;;;;;;;;;;;
32;14;105;true;;;;;;;;;;;;;;;;;;;;;;;;;;;;;;;;;;;
33;16;105;true;;;;;;;;;;;;;;;;;;;;;;;;;;;;;;;;;;;
34;18;105;true;;;;;;;;;;;;;;;;;;;;;;;;;;;;;;;;;;;
35;18;105;true;;;;;;;;;;;;;;;;;;;;;;;;;;;;;;;;;;;
36;14;105;true;;;;;;;;;;;;;;;;;;;;;;;;;;;;;;;;;;;
37;13;105;true;;;;;;;;;;;;;;;;;;;;;;;;;;;;;;;;;;;
38;12;105;true;;;;;;;;;;;;;;;;;;;;;;;;;;;;;;;;;;;
39;11;105;true;;;;;;;;;;;;;;;;;;;;;;;;;;;;;;;;;;;
40;13;105;true;;;;;;;;;;;;;;;;;;;;;;;;;;;;;;;;;;;
41;12;105;true;;;;;;;;;;;;;;;;;;;;;;;;;;;;;;;;;;;
42;12;105;true;;;;;;;;;;;;;;;;;;;;;;;;;;;;;;;;;;;
43;8;105;true;;;;;;;;;;;;;;;;;;;;;;;;;;;;;;;;;;;
44;6;105;true;;;;;;;;;;;;;;;;;;;;;;;;;;;;;;;;;;;
45;8;105;true;;;;;;;;;;;;;;;;;;;;;;;;;;;;;;;;;;;
46;7;105;true;;;;;;;;;;;;;;;;;;;;;;;;;;;;;;;;;;;
47;6;105;true;;;;;;;;;;;;;;;;;;;;;;;;;;;;;;;;;;;
48;8;105;true;;;;;;;;;;;;;;;;;;;;;;;;;;;;;;;;;;;
49;5;105;true;;;;;;;;;;;;;;;;;;;;;;;;;;;;;;;;;;;
50;4;105;true;;;;;;;;;;;;;;;;;;;;;;;;;;;;;;;;;;;
51;2;105;true;;;;;;;;;;;;;;;;;;;;;;;;;;;;;;;;;;;
52;5;105;true;;;;;;;;;;;;;;;;;;;;;;;;;;;;;;;;;;;
53;2;105;true;;;;;;;;;;;;;;;;;;;;;;;;;;;;;;;;;;;
54;5;105;true;;;;;;;;;;;;;;;;;;;;;;;;;;;;;;;;;;;
55;6;105;true;;;;;;;;;;;;;;;;;;;;;;;;;;;;;;;;;;;
56;4;105;true;;;;;;;;;;;;;;;;;;;;;;;;;;;;;;;;;;;
57;5;105;true;;;;;;;;;;;;;;;;;;;;;;;;;;;;;;;;;;;
58;4;105;true;;;;;;;;;;;;;;;;;;;;;;;;;;;;;;;;;;;
59;4;105;true;;;;;;;;;;;;;;;;;;;;;;;;;;;;;;;;;;;
60;2;105;true;;;;;;;;;;;;;;;;;;;;;;;;;;;;;;;;;;;
61;4;105;true;;;;;;;;;;;;;;;;;;;;;;;;;;;;;;;;;;;
62;3;105;true;;;;;;;;;;;;;;;;;;;;;;;;;;;;;;;;;;;
63;1;105;true;;;;;;;;;;;;;;;;;;;;;;;;;;;;;;;;;;;
64;3;105;true;;;;;;;;;;;;;;;;;;;;;;;;;;;;;;;;;;;
65;3;105;true;;;;;;;;;;;;;;;;;;;;;;;;;;;;;;;;;;;
66;2;105;true;;;;;;;;;;;;;;;;;;;;;;;;;;;;;;;;;;;
67;1;105;true;;;;;;;;;;;;;;;;;;;;;;;;;;;;;;;;;;;
68;1;105;true;;;;;;;;;;;;;;;;;;;;;;;;;;;;;;;;;;;
69;3;105;true;;;;;;;;;;;;;;;;;;;;;;;;;;;;;;;;;;;
70;2;105;true;;;;;;;;;;;;;;;;;;;;;;;;;;;;;;;;;;;
71;2;105;true;;;;;;;;;;;;;;;;;;;;;;;;;;;;;;;;;;;
72;3;105;true;;;;;;;;;;;;;;;;;;;;;;;;;;;;;;;;;;;
73;2;105;true;;;;;;;;;;;;;;;;;;;;;;;;;;;;;;;;;;;
74;0;105;true;;;;;;;;;;;;;;;;;;;;;;;;;;;;;;;;;;;
75;2;105;true;;;;;;;;;;;;;;;;;;;;;;;;;;;;;;;;;;;
76;1;105;true;;;;;;;;;;;;;;;;;;;;;;;;;;;;;;;;;;;
77;1;105;true;;;;;;;;;;;;;;;;;;;;;;;;;;;;;;;;;;;
78;1;105;true;;;;;;;;;;;;;;;;;;;;;;;;;;;;;;;;;;;
79;1;105;true;;;;;;;;;;;;;;;;;;;;;;;;;;;;;;;;;;;
80;2;105;true;;;;;;;;;;;;;;;;;;;;;;;;;;;;;;;;;;;
81;2;105;true;;;;;;;;;;;;;;;;;;;;;;;;;;;;;;;;;;;
82;3;105;true;;;;;;;;;;;;;;;;;;;;;;;;;;;;;;;;;;;
83;3;105;true;;;;;;;;;;;;;;;;;;;;;;;;;;;;;;;;;;;
84;3;105;true;;;;;;;;;;;;;;;;;;;;;;;;;;;;;;;;;;;
85;3;105;true;;;;;;;;;;;;;;;;;;;;;;;;;;;;;;;;;;;
86;3;105;true;;;;;;;;;;;;;;;;;;;;;;;;;;;;;;;;;;;
87;3;105;true;;;;;;;;;;;;;;;;;;;;;;;;;;;;;;;;;;;
88;2;105;true;;;;;;;;;;;;;;;;;;;;;;;;;;;;;;;;;;;
89;3;105;true;;;;;;;;;;;;;;;;;;;;;;;;;;;;;;;;;;;
90;2;105;true;;;;;;;;;;;;;;;;;;;;;;;;;;;;;;;;;;;
91;1;105;true;;;;;;;;;;;;;;;;;;;;;;;;;;;;;;;;;;;
92;1;105;true;;;;;;;;;;;;;;;;;;;;;;;;;;;;;;;;;;;
93;1;105;true;;;;;;;;;;;;;;;;;;;;;;;;;;;;;;;;;;;
94;1;105;true;;;;;;;;;;;;;;;;;;;;;;;;;;;;;;;;;;;
95;1;105;true;;;;;;;;;;;;;;;;;;;;;;;;;;;;;;;;;;;
96;1;105;true;;;;;;;;;;;;;;;;;;;;;;;;;;;;;;;;;;;
97;1;105;true;;;;;;;;;;;;;;;;;;;;;;;;;;;;;;;;;;;
98;1;105;true;;;;;;;;;;;;;;;;;;;;;;;;;;;;;;;;;;;
99;1;105;true;;;;;;;;;;;;;;;;;;;;;;;;;;;;;;;;;;;
100;0;105;true;;;;;;;;;;;;;;;;;;;;;;;;;;;;;;;;;;;
;;;;;;;;;;;;;;;;;;;;;;;;;;;;;;;;;;;;;;
Entities that integrated partners;;;;;;;;;;;;;;;;;;;;;;;;;;;;;;;;;;;;;;
x min;x max;y min;y max;autoplot?;current pen;legend open?;number of pens;;;;;;;;;;;;;;;;;;;;;;;;;;;;;;;
0;116;0;10;true;"""default""";false;1;;;;;;;;;;;;;;;;;;;;;;;;;;;;;;;
;;;;;;;;;;;;;;;;;;;;;;;;;;;;;;;;;;;;;;
pen name;pen down?;mode;interval;color;x;;;;;;;;;;;;;;;;;;;;;;;;;;;;;;;;;
default;true;0;1;0;100;;;;;;;;;;;;;;;;;;;;;;;;;;;;;;;;;
;;;;;;;;;;;;;;;;;;;;;;;;;;;;;;;;;;;;;;
default;;;;;;;;;;;;;;;;;;;;;;;;;;;;;;;;;;;;;;
x;y;color;pen down?;;;;;;;;;;;;;;;;;;;;;;;;;;;;;;;;;;;
0;0;0;true;;;;;;;;;;;;;;;;;;;;;;;;;;;;;;;;;;;
1;0;0;true;;;;;;;;;;;;;;;;;;;;;;;;;;;;;;;;;;;
2;0;0;true;;;;;;;;;;;;;;;;;;;;;;;;;;;;;;;;;;;
3;0;0;true;;;;;;;;;;;;;;;;;;;;;;;;;;;;;;;;;;;
4;0;0;true;;;;;;;;;;;;;;;;;;;;;;;;;;;;;;;;;;;
5;0;0;true;;;;;;;;;;;;;;;;;;;;;;;;;;;;;;;;;;;
6;0;0;true;;;;;;;;;;;;;;;;;;;;;;;;;;;;;;;;;;;
7;0;0;true;;;;;;;;;;;;;;;;;;;;;;;;;;;;;;;;;;;
8;0;0;true;;;;;;;;;;;;;;;;;;;;;;;;;;;;;;;;;;;
9;0;0;true;;;;;;;;;;;;;;;;;;;;;;;;;;;;;;;;;;;
10;0;0;true;;;;;;;;;;;;;;;;;;;;;;;;;;;;;;;;;;;
11;0;0;true;;;;;;;;;;;;;;;;;;;;;;;;;;;;;;;;;;;
12;0;0;true;;;;;;;;;;;;;;;;;;;;;;;;;;;;;;;;;;;
13;0;0;true;;;;;;;;;;;;;;;;;;;;;;;;;;;;;;;;;;;
14;0;0;true;;;;;;;;;;;;;;;;;;;;;;;;;;;;;;;;;;;
15;0;0;true;;;;;;;;;;;;;;;;;;;;;;;;;;;;;;;;;;;
16;0;0;true;;;;;;;;;;;;;;;;;;;;;;;;;;;;;;;;;;;
17;0;0;true;;;;;;;;;;;;;;;;;;;;;;;;;;;;;;;;;;;
18;0;0;true;;;;;;;;;;;;;;;;;;;;;;;;;;;;;;;;;;;
19;0;0;true;;;;;;;;;;;;;;;;;;;;;;;;;;;;;;;;;;;
20;0;0;true;;;;;;;;;;;;;;;;;;;;;;;;;;;;;;;;;;;
21;0;0;true;;;;;;;;;;;;;;;;;;;;;;;;;;;;;;;;;;;
22;0;0;true;;;;;;;;;;;;;;;;;;;;;;;;;;;;;;;;;;;
23;0;0;true;;;;;;;;;;;;;;;;;;;;;;;;;;;;;;;;;;;
24;0;0;true;;;;;;;;;;;;;;;;;;;;;;;;;;;;;;;;;;;
25;0;0;true;;;;;;;;;;;;;;;;;;;;;;;;;;;;;;;;;;;
26;0;0;true;;;;;;;;;;;;;;;;;;;;;;;;;;;;;;;;;;;
27;0;0;true;;;;;;;;;;;;;;;;;;;;;;;;;;;;;;;;;;;
28;0;0;true;;;;;;;;;;;;;;;;;;;;;;;;;;;;;;;;;;;
29;0;0;true;;;;;;;;;;;;;;;;;;;;;;;;;;;;;;;;;;;
30;0;0;true;;;;;;;;;;;;;;;;;;;;;;;;;;;;;;;;;;;
31;0;0;true;;;;;;;;;;;;;;;;;;;;;;;;;;;;;;;;;;;
32;0;0;true;;;;;;;;;;;;;;;;;;;;;;;;;;;;;;;;;;;
33;0;0;true;;;;;;;;;;;;;;;;;;;;;;;;;;;;;;;;;;;
34;0;0;true;;;;;;;;;;;;;;;;;;;;;;;;;;;;;;;;;;;
35;0;0;true;;;;;;;;;;;;;;;;;;;;;;;;;;;;;;;;;;;
36;0;0;true;;;;;;;;;;;;;;;;;;;;;;;;;;;;;;;;;;;
37;0;0;true;;;;;;;;;;;;;;;;;;;;;;;;;;;;;;;;;;;
38;0;0;true;;;;;;;;;;;;;;;;;;;;;;;;;;;;;;;;;;;
39;0;0;true;;;;;;;;;;;;;;;;;;;;;;;;;;;;;;;;;;;
40;0;0;true;;;;;;;;;;;;;;;;;;;;;;;;;;;;;;;;;;;
41;0;0;true;;;;;;;;;;;;;;;;;;;;;;;;;;;;;;;;;;;
42;0;0;true;;;;;;;;;;;;;;;;;;;;;;;;;;;;;;;;;;;
43;0;0;true;;;;;;;;;;;;;;;;;;;;;;;;;;;;;;;;;;;
44;0;0;true;;;;;;;;;;;;;;;;;;;;;;;;;;;;;;;;;;;
45;0;0;true;;;;;;;;;;;;;;;;;;;;;;;;;;;;;;;;;;;
46;0;0;true;;;;;;;;;;;;;;;;;;;;;;;;;;;;;;;;;;;
47;0;0;true;;;;;;;;;;;;;;;;;;;;;;;;;;;;;;;;;;;
48;0;0;true;;;;;;;;;;;;;;;;;;;;;;;;;;;;;;;;;;;
49;0;0;true;;;;;;;;;;;;;;;;;;;;;;;;;;;;;;;;;;;
50;0;0;true;;;;;;;;;;;;;;;;;;;;;;;;;;;;;;;;;;;
51;0;0;true;;;;;;;;;;;;;;;;;;;;;;;;;;;;;;;;;;;
52;0;0;true;;;;;;;;;;;;;;;;;;;;;;;;;;;;;;;;;;;
53;0;0;true;;;;;;;;;;;;;;;;;;;;;;;;;;;;;;;;;;;
54;0;0;true;;;;;;;;;;;;;;;;;;;;;;;;;;;;;;;;;;;
55;0;0;true;;;;;;;;;;;;;;;;;;;;;;;;;;;;;;;;;;;
56;0;0;true;;;;;;;;;;;;;;;;;;;;;;;;;;;;;;;;;;;
57;0;0;true;;;;;;;;;;;;;;;;;;;;;;;;;;;;;;;;;;;
58;0;0;true;;;;;;;;;;;;;;;;;;;;;;;;;;;;;;;;;;;
59;0;0;true;;;;;;;;;;;;;;;;;;;;;;;;;;;;;;;;;;;
60;0;0;true;;;;;;;;;;;;;;;;;;;;;;;;;;;;;;;;;;;
61;0;0;true;;;;;;;;;;;;;;;;;;;;;;;;;;;;;;;;;;;
62;0;0;true;;;;;;;;;;;;;;;;;;;;;;;;;;;;;;;;;;;
63;0;0;true;;;;;;;;;;;;;;;;;;;;;;;;;;;;;;;;;;;
64;0;0;true;;;;;;;;;;;;;;;;;;;;;;;;;;;;;;;;;;;
65;0;0;true;;;;;;;;;;;;;;;;;;;;;;;;;;;;;;;;;;;
66;0;0;true;;;;;;;;;;;;;;;;;;;;;;;;;;;;;;;;;;;
67;0;0;true;;;;;;;;;;;;;;;;;;;;;;;;;;;;;;;;;;;
68;0;0;true;;;;;;;;;;;;;;;;;;;;;;;;;;;;;;;;;;;
69;0;0;true;;;;;;;;;;;;;;;;;;;;;;;;;;;;;;;;;;;
70;0;0;true;;;;;;;;;;;;;;;;;;;;;;;;;;;;;;;;;;;
71;0;0;true;;;;;;;;;;;;;;;;;;;;;;;;;;;;;;;;;;;
72;0;0;true;;;;;;;;;;;;;;;;;;;;;;;;;;;;;;;;;;;
73;0;0;true;;;;;;;;;;;;;;;;;;;;;;;;;;;;;;;;;;;
74;0;0;true;;;;;;;;;;;;;;;;;;;;;;;;;;;;;;;;;;;
75;0;0;true;;;;;;;;;;;;;;;;;;;;;;;;;;;;;;;;;;;
76;0;0;true;;;;;;;;;;;;;;;;;;;;;;;;;;;;;;;;;;;
77;0;0;true;;;;;;;;;;;;;;;;;;;;;;;;;;;;;;;;;;;
78;0;0;true;;;;;;;;;;;;;;;;;;;;;;;;;;;;;;;;;;;
79;0;0;true;;;;;;;;;;;;;;;;;;;;;;;;;;;;;;;;;;;
80;0;0;true;;;;;;;;;;;;;;;;;;;;;;;;;;;;;;;;;;;
81;0;0;true;;;;;;;;;;;;;;;;;;;;;;;;;;;;;;;;;;;
82;0;0;true;;;;;;;;;;;;;;;;;;;;;;;;;;;;;;;;;;;
83;0;0;true;;;;;;;;;;;;;;;;;;;;;;;;;;;;;;;;;;;
84;0;0;true;;;;;;;;;;;;;;;;;;;;;;;;;;;;;;;;;;;
85;0;0;true;;;;;;;;;;;;;;;;;;;;;;;;;;;;;;;;;;;
86;0;0;true;;;;;;;;;;;;;;;;;;;;;;;;;;;;;;;;;;;
87;0;0;true;;;;;;;;;;;;;;;;;;;;;;;;;;;;;;;;;;;
88;0;0;true;;;;;;;;;;;;;;;;;;;;;;;;;;;;;;;;;;;
89;0;0;true;;;;;;;;;;;;;;;;;;;;;;;;;;;;;;;;;;;
90;0;0;true;;;;;;;;;;;;;;;;;;;;;;;;;;;;;;;;;;;
91;0;0;true;;;;;;;;;;;;;;;;;;;;;;;;;;;;;;;;;;;
92;0;0;true;;;;;;;;;;;;;;;;;;;;;;;;;;;;;;;;;;;
93;0;0;true;;;;;;;;;;;;;;;;;;;;;;;;;;;;;;;;;;;
94;0;0;true;;;;;;;;;;;;;;;;;;;;;;;;;;;;;;;;;;;
95;0;0;true;;;;;;;;;;;;;;;;;;;;;;;;;;;;;;;;;;;
96;0;0;true;;;;;;;;;;;;;;;;;;;;;;;;;;;;;;;;;;;
97;0;0;true;;;;;;;;;;;;;;;;;;;;;;;;;;;;;;;;;;;
98;0;0;true;;;;;;;;;;;;;;;;;;;;;;;;;;;;;;;;;;;
99;0;0;true;;;;;;;;;;;;;;;;;;;;;;;;;;;;;;;;;;;
100;0;0;true;;;;;;;;;;;;;;;;;;;;;;;;;;;;;;;;;;;
;;;;;;;;;;;;;;;;;;;;;;;;;;;;;;;;;;;;;;
Consumers that attempted crossover;;;;;;;;;;;;;;;;;;;;;;;;;;;;;;;;;;;;;;
x min;x max;y min;y max;autoplot?;current pen;legend open?;number of pens;;;;;;;;;;;;;;;;;;;;;;;;;;;;;;;
0;116;0;124;true;"""default""";false;1;;;;;;;;;;;;;;;;;;;;;;;;;;;;;;;
;;;;;;;;;;;;;;;;;;;;;;;;;;;;;;;;;;;;;;
pen name;pen down?;mode;interval;color;x;;;;;;;;;;;;;;;;;;;;;;;;;;;;;;;;;
default;true;0;1;0;100;;;;;;;;;;;;;;;;;;;;;;;;;;;;;;;;;
;;;;;;;;;;;;;;;;;;;;;;;;;;;;;;;;;;;;;;
default;;;;;;;;;;;;;;;;;;;;;;;;;;;;;;;;;;;;;;
x;y;color;pen down?;;;;;;;;;;;;;;;;;;;;;;;;;;;;;;;;;;;
0;0;0;true;;;;;;;;;;;;;;;;;;;;;;;;;;;;;;;;;;;
1;25;0;true;;;;;;;;;;;;;;;;;;;;;;;;;;;;;;;;;;;
2;31;0;true;;;;;;;;;;;;;;;;;;;;;;;;;;;;;;;;;;;
3;32;0;true;;;;;;;;;;;;;;;;;;;;;;;;;;;;;;;;;;;
4;40;0;true;;;;;;;;;;;;;;;;;;;;;;;;;;;;;;;;;;;
5;38;0;true;;;;;;;;;;;;;;;;;;;;;;;;;;;;;;;;;;;
6;44;0;true;;;;;;;;;;;;;;;;;;;;;;;;;;;;;;;;;;;
7;34;0;true;;;;;;;;;;;;;;;;;;;;;;;;;;;;;;;;;;;
8;22;0;true;;;;;;;;;;;;;;;;;;;;;;;;;;;;;;;;;;;
9;40;0;true;;;;;;;;;;;;;;;;;;;;;;;;;;;;;;;;;;;
10;38;0;true;;;;;;;;;;;;;;;;;;;;;;;;;;;;;;;;;;;
11;43;0;true;;;;;;;;;;;;;;;;;;;;;;;;;;;;;;;;;;;
12;43;0;true;;;;;;;;;;;;;;;;;;;;;;;;;;;;;;;;;;;
13;44;0;true;;;;;;;;;;;;;;;;;;;;;;;;;;;;;;;;;;;
14;39;0;true;;;;;;;;;;;;;;;;;;;;;;;;;;;;;;;;;;;
15;51;0;true;;;;;;;;;;;;;;;;;;;;;;;;;;;;;;;;;;;
16;52;0;true;;;;;;;;;;;;;;;;;;;;;;;;;;;;;;;;;;;
17;54;0;true;;;;;;;;;;;;;;;;;;;;;;;;;;;;;;;;;;;
18;46;0;true;;;;;;;;;;;;;;;;;;;;;;;;;;;;;;;;;;;
19;52;0;true;;;;;;;;;;;;;;;;;;;;;;;;;;;;;;;;;;;
20;52;0;true;;;;;;;;;;;;;;;;;;;;;;;;;;;;;;;;;;;
21;65;0;true;;;;;;;;;;;;;;;;;;;;;;;;;;;;;;;;;;;
22;63;0;true;;;;;;;;;;;;;;;;;;;;;;;;;;;;;;;;;;;
23;59;0;true;;;;;;;;;;;;;;;;;;;;;;;;;;;;;;;;;;;
24;57;0;true;;;;;;;;;;;;;;;;;;;;;;;;;;;;;;;;;;;
25;75;0;true;;;;;;;;;;;;;;;;;;;;;;;;;;;;;;;;;;;
26;67;0;true;;;;;;;;;;;;;;;;;;;;;;;;;;;;;;;;;;;
27;69;0;true;;;;;;;;;;;;;;;;;;;;;;;;;;;;;;;;;;;
28;64;0;true;;;;;;;;;;;;;;;;;;;;;;;;;;;;;;;;;;;
29;68;0;true;;;;;;;;;;;;;;;;;;;;;;;;;;;;;;;;;;;
30;68;0;true;;;;;;;;;;;;;;;;;;;;;;;;;;;;;;;;;;;
31;80;0;true;;;;;;;;;;;;;;;;;;;;;;;;;;;;;;;;;;;
32;87;0;true;;;;;;;;;;;;;;;;;;;;;;;;;;;;;;;;;;;
33;79;0;true;;;;;;;;;;;;;;;;;;;;;;;;;;;;;;;;;;;
34;72;0;true;;;;;;;;;;;;;;;;;;;;;;;;;;;;;;;;;;;
35;85;0;true;;;;;;;;;;;;;;;;;;;;;;;;;;;;;;;;;;;
36;73;0;true;;;;;;;;;;;;;;;;;;;;;;;;;;;;;;;;;;;
37;76;0;true;;;;;;;;;;;;;;;;;;;;;;;;;;;;;;;;;;;
38;77;0;true;;;;;;;;;;;;;;;;;;;;;;;;;;;;;;;;;;;
39;90;0;true;;;;;;;;;;;;;;;;;;;;;;;;;;;;;;;;;;;
40;92;0;true;;;;;;;;;;;;;;;;;;;;;;;;;;;;;;;;;;;
41;81;0;true;;;;;;;;;;;;;;;;;;;;;;;;;;;;;;;;;;;
42;101;0;true;;;;;;;;;;;;;;;;;;;;;;;;;;;;;;;;;;;
43;92;0;true;;;;;;;;;;;;;;;;;;;;;;;;;;;;;;;;;;;
44;88;0;true;;;;;;;;;;;;;;;;;;;;;;;;;;;;;;;;;;;
45;88;0;true;;;;;;;;;;;;;;;;;;;;;;;;;;;;;;;;;;;
46;90;0;true;;;;;;;;;;;;;;;;;;;;;;;;;;;;;;;;;;;
47;94;0;true;;;;;;;;;;;;;;;;;;;;;;;;;;;;;;;;;;;
48;86;0;true;;;;;;;;;;;;;;;;;;;;;;;;;;;;;;;;;;;
49;96;0;true;;;;;;;;;;;;;;;;;;;;;;;;;;;;;;;;;;;
50;93;0;true;;;;;;;;;;;;;;;;;;;;;;;;;;;;;;;;;;;
51;111;0;true;;;;;;;;;;;;;;;;;;;;;;;;;;;;;;;;;;;
52;100;0;true;;;;;;;;;;;;;;;;;;;;;;;;;;;;;;;;;;;
53;90;0;true;;;;;;;;;;;;;;;;;;;;;;;;;;;;;;;;;;;
54;100;0;true;;;;;;;;;;;;;;;;;;;;;;;;;;;;;;;;;;;
55;108;0;true;;;;;;;;;;;;;;;;;;;;;;;;;;;;;;;;;;;
56;105;0;true;;;;;;;;;;;;;;;;;;;;;;;;;;;;;;;;;;;
57;90;0;true;;;;;;;;;;;;;;;;;;;;;;;;;;;;;;;;;;;
58;93;0;true;;;;;;;;;;;;;;;;;;;;;;;;;;;;;;;;;;;
59;100;0;true;;;;;;;;;;;;;;;;;;;;;;;;;;;;;;;;;;;
60;92;0;true;;;;;;;;;;;;;;;;;;;;;;;;;;;;;;;;;;;
61;102;0;true;;;;;;;;;;;;;;;;;;;;;;;;;;;;;;;;;;;
62;113;0;true;;;;;;;;;;;;;;;;;;;;;;;;;;;;;;;;;;;
63;90;0;true;;;;;;;;;;;;;;;;;;;;;;;;;;;;;;;;;;;
64;124;0;true;;;;;;;;;;;;;;;;;;;;;;;;;;;;;;;;;;;
65;108;0;true;;;;;;;;;;;;;;;;;;;;;;;;;;;;;;;;;;;
66;88;0;true;;;;;;;;;;;;;;;;;;;;;;;;;;;;;;;;;;;
67;106;0;true;;;;;;;;;;;;;;;;;;;;;;;;;;;;;;;;;;;
68;97;0;true;;;;;;;;;;;;;;;;;;;;;;;;;;;;;;;;;;;
69;102;0;true;;;;;;;;;;;;;;;;;;;;;;;;;;;;;;;;;;;
70;96;0;true;;;;;;;;;;;;;;;;;;;;;;;;;;;;;;;;;;;
71;104;0;true;;;;;;;;;;;;;;;;;;;;;;;;;;;;;;;;;;;
72;102;0;true;;;;;;;;;;;;;;;;;;;;;;;;;;;;;;;;;;;
73;104;0;true;;;;;;;;;;;;;;;;;;;;;;;;;;;;;;;;;;;
74;96;0;true;;;;;;;;;;;;;;;;;;;;;;;;;;;;;;;;;;;
75;107;0;true;;;;;;;;;;;;;;;;;;;;;;;;;;;;;;;;;;;
76;105;0;true;;;;;;;;;;;;;;;;;;;;;;;;;;;;;;;;;;;
77;98;0;true;;;;;;;;;;;;;;;;;;;;;;;;;;;;;;;;;;;
78;96;0;true;;;;;;;;;;;;;;;;;;;;;;;;;;;;;;;;;;;
79;104;0;true;;;;;;;;;;;;;;;;;;;;;;;;;;;;;;;;;;;
80;101;0;true;;;;;;;;;;;;;;;;;;;;;;;;;;;;;;;;;;;
81;92;0;true;;;;;;;;;;;;;;;;;;;;;;;;;;;;;;;;;;;
82;99;0;true;;;;;;;;;;;;;;;;;;;;;;;;;;;;;;;;;;;
83;103;0;true;;;;;;;;;;;;;;;;;;;;;;;;;;;;;;;;;;;
84;98;0;true;;;;;;;;;;;;;;;;;;;;;;;;;;;;;;;;;;;
85;105;0;true;;;;;;;;;;;;;;;;;;;;;;;;;;;;;;;;;;;
86;102;0;true;;;;;;;;;;;;;;;;;;;;;;;;;;;;;;;;;;;
87;94;0;true;;;;;;;;;;;;;;;;;;;;;;;;;;;;;;;;;;;
88;112;0;true;;;;;;;;;;;;;;;;;;;;;;;;;;;;;;;;;;;
89;93;0;true;;;;;;;;;;;;;;;;;;;;;;;;;;;;;;;;;;;
90;104;0;true;;;;;;;;;;;;;;;;;;;;;;;;;;;;;;;;;;;
91;96;0;true;;;;;;;;;;;;;;;;;;;;;;;;;;;;;;;;;;;
92;104;0;true;;;;;;;;;;;;;;;;;;;;;;;;;;;;;;;;;;;
93;104;0;true;;;;;;;;;;;;;;;;;;;;;;;;;;;;;;;;;;;
94;90;0;true;;;;;;;;;;;;;;;;;;;;;;;;;;;;;;;;;;;
95;92;0;true;;;;;;;;;;;;;;;;;;;;;;;;;;;;;;;;;;;
96;112;0;true;;;;;;;;;;;;;;;;;;;;;;;;;;;;;;;;;;;
97;113;0;true;;;;;;;;;;;;;;;;;;;;;;;;;;;;;;;;;;;
98;95;0;true;;;;;;;;;;;;;;;;;;;;;;;;;;;;;;;;;;;
99;115;0;true;;;;;;;;;;;;;;;;;;;;;;;;;;;;;;;;;;;
100;101;0;true;;;;;;;;;;;;;;;;;;;;;;;;;;;;;;;;;;;
;;;;;;;;;;;;;;;;;;;;;;;;;;;;;;;;;;;;;;
Generators that attempted mutation;;;;;;;;;;;;;;;;;;;;;;;;;;;;;;;;;;;;;;
x min;x max;y min;y max;autoplot?;current pen;legend open?;number of pens;;;;;;;;;;;;;;;;;;;;;;;;;;;;;;;
0;116;0;85.8;true;"""default""";false;1;;;;;;;;;;;;;;;;;;;;;;;;;;;;;;;
;;;;;;;;;;;;;;;;;;;;;;;;;;;;;;;;;;;;;;
pen name;pen down?;mode;interval;color;x;;;;;;;;;;;;;;;;;;;;;;;;;;;;;;;;;
default;true;0;1;55;100;;;;;;;;;;;;;;;;;;;;;;;;;;;;;;;;;
;;;;;;;;;;;;;;;;;;;;;;;;;;;;;;;;;;;;;;
default;;;;;;;;;;;;;;;;;;;;;;;;;;;;;;;;;;;;;;
x;y;color;pen down?;;;;;;;;;;;;;;;;;;;;;;;;;;;;;;;;;;;
0;0;55;true;;;;;;;;;;;;;;;;;;;;;;;;;;;;;;;;;;;
1;52;55;true;;;;;;;;;;;;;;;;;;;;;;;;;;;;;;;;;;;
2;66;55;true;;;;;;;;;;;;;;;;;;;;;;;;;;;;;;;;;;;
3;68;55;true;;;;;;;;;;;;;;;;;;;;;;;;;;;;;;;;;;;
4;68;55;true;;;;;;;;;;;;;;;;;;;;;;;;;;;;;;;;;;;
5;64;55;true;;;;;;;;;;;;;;;;;;;;;;;;;;;;;;;;;;;
6;67;55;true;;;;;;;;;;;;;;;;;;;;;;;;;;;;;;;;;;;
7;72;55;true;;;;;;;;;;;;;;;;;;;;;;;;;;;;;;;;;;;
8;78;55;true;;;;;;;;;;;;;;;;;;;;;;;;;;;;;;;;;;;
9;60;55;true;;;;;;;;;;;;;;;;;;;;;;;;;;;;;;;;;;;
10;58;55;true;;;;;;;;;;;;;;;;;;;;;;;;;;;;;;;;;;;
11;54;55;true;;;;;;;;;;;;;;;;;;;;;;;;;;;;;;;;;;;
12;44;55;true;;;;;;;;;;;;;;;;;;;;;;;;;;;;;;;;;;;
13;46;55;true;;;;;;;;;;;;;;;;;;;;;;;;;;;;;;;;;;;
14;44;55;true;;;;;;;;;;;;;;;;;;;;;;;;;;;;;;;;;;;
15;48;55;true;;;;;;;;;;;;;;;;;;;;;;;;;;;;;;;;;;;
16;46;55;true;;;;;;;;;;;;;;;;;;;;;;;;;;;;;;;;;;;
17;43;55;true;;;;;;;;;;;;;;;;;;;;;;;;;;;;;;;;;;;
18;41;55;true;;;;;;;;;;;;;;;;;;;;;;;;;;;;;;;;;;;
19;38;55;true;;;;;;;;;;;;;;;;;;;;;;;;;;;;;;;;;;;
20;37;55;true;;;;;;;;;;;;;;;;;;;;;;;;;;;;;;;;;;;
21;34;55;true;;;;;;;;;;;;;;;;;;;;;;;;;;;;;;;;;;;
22;37;55;true;;;;;;;;;;;;;;;;;;;;;;;;;;;;;;;;;;;
23;33;55;true;;;;;;;;;;;;;;;;;;;;;;;;;;;;;;;;;;;
24;25;55;true;;;;;;;;;;;;;;;;;;;;;;;;;;;;;;;;;;;
25;21;55;true;;;;;;;;;;;;;;;;;;;;;;;;;;;;;;;;;;;
26;26;55;true;;;;;;;;;;;;;;;;;;;;;;;;;;;;;;;;;;;
27;21;55;true;;;;;;;;;;;;;;;;;;;;;;;;;;;;;;;;;;;
28;24;55;true;;;;;;;;;;;;;;;;;;;;;;;;;;;;;;;;;;;
29;21;55;true;;;;;;;;;;;;;;;;;;;;;;;;;;;;;;;;;;;
30;18;55;true;;;;;;;;;;;;;;;;;;;;;;;;;;;;;;;;;;;
31;23;55;true;;;;;;;;;;;;;;;;;;;;;;;;;;;;;;;;;;;
32;14;55;true;;;;;;;;;;;;;;;;;;;;;;;;;;;;;;;;;;;
33;16;55;true;;;;;;;;;;;;;;;;;;;;;;;;;;;;;;;;;;;
34;18;55;true;;;;;;;;;;;;;;;;;;;;;;;;;;;;;;;;;;;
35;18;55;true;;;;;;;;;;;;;;;;;;;;;;;;;;;;;;;;;;;
36;14;55;true;;;;;;;;;;;;;;;;;;;;;;;;;;;;;;;;;;;
37;13;55;true;;;;;;;;;;;;;;;;;;;;;;;;;;;;;;;;;;;
38;12;55;true;;;;;;;;;;;;;;;;;;;;;;;;;;;;;;;;;;;
39;11;55;true;;;;;;;;;;;;;;;;;;;;;;;;;;;;;;;;;;;
40;13;55;true;;;;;;;;;;;;;;;;;;;;;;;;;;;;;;;;;;;
41;12;55;true;;;;;;;;;;;;;;;;;;;;;;;;;;;;;;;;;;;
42;12;55;true;;;;;;;;;;;;;;;;;;;;;;;;;;;;;;;;;;;
43;8;55;true;;;;;;;;;;;;;;;;;;;;;;;;;;;;;;;;;;;
44;6;55;true;;;;;;;;;;;;;;;;;;;;;;;;;;;;;;;;;;;
45;8;55;true;;;;;;;;;;;;;;;;;;;;;;;;;;;;;;;;;;;
46;7;55;true;;;;;;;;;;;;;;;;;;;;;;;;;;;;;;;;;;;
47;6;55;true;;;;;;;;;;;;;;;;;;;;;;;;;;;;;;;;;;;
48;8;55;true;;;;;;;;;;;;;;;;;;;;;;;;;;;;;;;;;;;
49;5;55;true;;;;;;;;;;;;;;;;;;;;;;;;;;;;;;;;;;;
50;4;55;true;;;;;;;;;;;;;;;;;;;;;;;;;;;;;;;;;;;
51;2;55;true;;;;;;;;;;;;;;;;;;;;;;;;;;;;;;;;;;;
52;5;55;true;;;;;;;;;;;;;;;;;;;;;;;;;;;;;;;;;;;
53;2;55;true;;;;;;;;;;;;;;;;;;;;;;;;;;;;;;;;;;;
54;5;55;true;;;;;;;;;;;;;;;;;;;;;;;;;;;;;;;;;;;
55;6;55;true;;;;;;;;;;;;;;;;;;;;;;;;;;;;;;;;;;;
56;4;55;true;;;;;;;;;;;;;;;;;;;;;;;;;;;;;;;;;;;
57;5;55;true;;;;;;;;;;;;;;;;;;;;;;;;;;;;;;;;;;;
58;4;55;true;;;;;;;;;;;;;;;;;;;;;;;;;;;;;;;;;;;
59;4;55;true;;;;;;;;;;;;;;;;;;;;;;;;;;;;;;;;;;;
60;2;55;true;;;;;;;;;;;;;;;;;;;;;;;;;;;;;;;;;;;
61;4;55;true;;;;;;;;;;;;;;;;;;;;;;;;;;;;;;;;;;;
62;3;55;true;;;;;;;;;;;;;;;;;;;;;;;;;;;;;;;;;;;
63;1;55;true;;;;;;;;;;;;;;;;;;;;;;;;;;;;;;;;;;;
64;3;55;true;;;;;;;;;;;;;;;;;;;;;;;;;;;;;;;;;;;
65;3;55;true;;;;;;;;;;;;;;;;;;;;;;;;;;;;;;;;;;;
66;2;55;true;;;;;;;;;;;;;;;;;;;;;;;;;;;;;;;;;;;
67;1;55;true;;;;;;;;;;;;;;;;;;;;;;;;;;;;;;;;;;;
68;1;55;true;;;;;;;;;;;;;;;;;;;;;;;;;;;;;;;;;;;
69;3;55;true;;;;;;;;;;;;;;;;;;;;;;;;;;;;;;;;;;;
70;2;55;true;;;;;;;;;;;;;;;;;;;;;;;;;;;;;;;;;;;
71;2;55;true;;;;;;;;;;;;;;;;;;;;;;;;;;;;;;;;;;;
72;3;55;true;;;;;;;;;;;;;;;;;;;;;;;;;;;;;;;;;;;
73;2;55;true;;;;;;;;;;;;;;;;;;;;;;;;;;;;;;;;;;;
74;0;55;true;;;;;;;;;;;;;;;;;;;;;;;;;;;;;;;;;;;
75;2;55;true;;;;;;;;;;;;;;;;;;;;;;;;;;;;;;;;;;;
76;1;55;true;;;;;;;;;;;;;;;;;;;;;;;;;;;;;;;;;;;
77;1;55;true;;;;;;;;;;;;;;;;;;;;;;;;;;;;;;;;;;;
78;1;55;true;;;;;;;;;;;;;;;;;;;;;;;;;;;;;;;;;;;
79;1;55;true;;;;;;;;;;;;;;;;;;;;;;;;;;;;;;;;;;;
80;2;55;true;;;;;;;;;;;;;;;;;;;;;;;;;;;;;;;;;;;
81;2;55;true;;;;;;;;;;;;;;;;;;;;;;;;;;;;;;;;;;;
82;3;55;true;;;;;;;;;;;;;;;;;;;;;;;;;;;;;;;;;;;
83;3;55;true;;;;;;;;;;;;;;;;;;;;;;;;;;;;;;;;;;;
84;3;55;true;;;;;;;;;;;;;;;;;;;;;;;;;;;;;;;;;;;
85;3;55;true;;;;;;;;;;;;;;;;;;;;;;;;;;;;;;;;;;;
86;3;55;true;;;;;;;;;;;;;;;;;;;;;;;;;;;;;;;;;;;
87;3;55;true;;;;;;;;;;;;;;;;;;;;;;;;;;;;;;;;;;;
88;2;55;true;;;;;;;;;;;;;;;;;;;;;;;;;;;;;;;;;;;
89;3;55;true;;;;;;;;;;;;;;;;;;;;;;;;;;;;;;;;;;;
90;2;55;true;;;;;;;;;;;;;;;;;;;;;;;;;;;;;;;;;;;
91;1;55;true;;;;;;;;;;;;;;;;;;;;;;;;;;;;;;;;;;;
92;1;55;true;;;;;;;;;;;;;;;;;;;;;;;;;;;;;;;;;;;
93;1;55;true;;;;;;;;;;;;;;;;;;;;;;;;;;;;;;;;;;;
94;1;55;true;;;;;;;;;;;;;;;;;;;;;;;;;;;;;;;;;;;
95;1;55;true;;;;;;;;;;;;;;;;;;;;;;;;;;;;;;;;;;;
96;1;55;true;;;;;;;;;;;;;;;;;;;;;;;;;;;;;;;;;;;
97;1;55;true;;;;;;;;;;;;;;;;;;;;;;;;;;;;;;;;;;;
98;1;55;true;;;;;;;;;;;;;;;;;;;;;;;;;;;;;;;;;;;
99;1;55;true;;;;;;;;;;;;;;;;;;;;;;;;;;;;;;;;;;;
100;0;55;true;;;;;;;;;;;;;;;;;;;;;;;;;;;;;;;;;;;
;;;;;;;;;;;;;;;;;;;;;;;;;;;;;;;;;;;;;;
Entities that attempted development;;;;;;;;;;;;;;;;;;;;;;;;;;;;;;;;;;;;;;
x min;x max;y min;y max;autoplot?;current pen;legend open?;number of pens;;;;;;;;;;;;;;;;;;;;;;;;;;;;;;;
0;116;0;58.3;true;"""default""";false;1;;;;;;;;;;;;;;;;;;;;;;;;;;;;;;;
;;;;;;;;;;;;;;;;;;;;;;;;;;;;;;;;;;;;;;
pen name;pen down?;mode;interval;color;x;;;;;;;;;;;;;;;;;;;;;;;;;;;;;;;;;
default;true;0;1;0;100;;;;;;;;;;;;;;;;;;;;;;;;;;;;;;;;;
;;;;;;;;;;;;;;;;;;;;;;;;;;;;;;;;;;;;;;
default;;;;;;;;;;;;;;;;;;;;;;;;;;;;;;;;;;;;;;
x;y;color;pen down?;;;;;;;;;;;;;;;;;;;;;;;;;;;;;;;;;;;
0;0;0;true;;;;;;;;;;;;;;;;;;;;;;;;;;;;;;;;;;;
1;35;0;true;;;;;;;;;;;;;;;;;;;;;;;;;;;;;;;;;;;
2;41;0;true;;;;;;;;;;;;;;;;;;;;;;;;;;;;;;;;;;;
3;28;0;true;;;;;;;;;;;;;;;;;;;;;;;;;;;;;;;;;;;
4;42;0;true;;;;;;;;;;;;;;;;;;;;;;;;;;;;;;;;;;;
5;44;0;true;;;;;;;;;;;;;;;;;;;;;;;;;;;;;;;;;;;
6;40;0;true;;;;;;;;;;;;;;;;;;;;;;;;;;;;;;;;;;;
7;45;0;true;;;;;;;;;;;;;;;;;;;;;;;;;;;;;;;;;;;
8;53;0;true;;;;;;;;;;;;;;;;;;;;;;;;;;;;;;;;;;;
9;41;0;true;;;;;;;;;;;;;;;;;;;;;;;;;;;;;;;;;;;
10;31;0;true;;;;;;;;;;;;;;;;;;;;;;;;;;;;;;;;;;;
11;39;0;true;;;;;;;;;;;;;;;;;;;;;;;;;;;;;;;;;;;
12;36;0;true;;;;;;;;;;;;;;;;;;;;;;;;;;;;;;;;;;;
13;28;0;true;;;;;;;;;;;;;;;;;;;;;;;;;;;;;;;;;;;
14;25;0;true;;;;;;;;;;;;;;;;;;;;;;;;;;;;;;;;;;;
15;30;0;true;;;;;;;;;;;;;;;;;;;;;;;;;;;;;;;;;;;
16;28;0;true;;;;;;;;;;;;;;;;;;;;;;;;;;;;;;;;;;;
17;37;0;true;;;;;;;;;;;;;;;;;;;;;;;;;;;;;;;;;;;
18;35;0;true;;;;;;;;;;;;;;;;;;;;;;;;;;;;;;;;;;;
19;25;0;true;;;;;;;;;;;;;;;;;;;;;;;;;;;;;;;;;;;
20;20;0;true;;;;;;;;;;;;;;;;;;;;;;;;;;;;;;;;;;;
21;24;0;true;;;;;;;;;;;;;;;;;;;;;;;;;;;;;;;;;;;
22;18;0;true;;;;;;;;;;;;;;;;;;;;;;;;;;;;;;;;;;;
23;18;0;true;;;;;;;;;;;;;;;;;;;;;;;;;;;;;;;;;;;
24;11;0;true;;;;;;;;;;;;;;;;;;;;;;;;;;;;;;;;;;;
25;14;0;true;;;;;;;;;;;;;;;;;;;;;;;;;;;;;;;;;;;
26;19;0;true;;;;;;;;;;;;;;;;;;;;;;;;;;;;;;;;;;;
27;12;0;true;;;;;;;;;;;;;;;;;;;;;;;;;;;;;;;;;;;
28;14;0;true;;;;;;;;;;;;;;;;;;;;;;;;;;;;;;;;;;;
29;11;0;true;;;;;;;;;;;;;;;;;;;;;;;;;;;;;;;;;;;
30;10;0;true;;;;;;;;;;;;;;;;;;;;;;;;;;;;;;;;;;;
31;13;0;true;;;;;;;;;;;;;;;;;;;;;;;;;;;;;;;;;;;
32;12;0;true;;;;;;;;;;;;;;;;;;;;;;;;;;;;;;;;;;;
33;8;0;true;;;;;;;;;;;;;;;;;;;;;;;;;;;;;;;;;;;
34;17;0;true;;;;;;;;;;;;;;;;;;;;;;;;;;;;;;;;;;;
35;14;0;true;;;;;;;;;;;;;;;;;;;;;;;;;;;;;;;;;;;
36;14;0;true;;;;;;;;;;;;;;;;;;;;;;;;;;;;;;;;;;;
37;7;0;true;;;;;;;;;;;;;;;;;;;;;;;;;;;;;;;;;;;
38;8;0;true;;;;;;;;;;;;;;;;;;;;;;;;;;;;;;;;;;;
39;13;0;true;;;;;;;;;;;;;;;;;;;;;;;;;;;;;;;;;;;
40;5;0;true;;;;;;;;;;;;;;;;;;;;;;;;;;;;;;;;;;;
41;7;0;true;;;;;;;;;;;;;;;;;;;;;;;;;;;;;;;;;;;
42;6;0;true;;;;;;;;;;;;;;;;;;;;;;;;;;;;;;;;;;;
43;8;0;true;;;;;;;;;;;;;;;;;;;;;;;;;;;;;;;;;;;
44;7;0;true;;;;;;;;;;;;;;;;;;;;;;;;;;;;;;;;;;;
45;9;0;true;;;;;;;;;;;;;;;;;;;;;;;;;;;;;;;;;;;
46;3;0;true;;;;;;;;;;;;;;;;;;;;;;;;;;;;;;;;;;;
47;6;0;true;;;;;;;;;;;;;;;;;;;;;;;;;;;;;;;;;;;
48;7;0;true;;;;;;;;;;;;;;;;;;;;;;;;;;;;;;;;;;;
49;3;0;true;;;;;;;;;;;;;;;;;;;;;;;;;;;;;;;;;;;
50;1;0;true;;;;;;;;;;;;;;;;;;;;;;;;;;;;;;;;;;;
51;1;0;true;;;;;;;;;;;;;;;;;;;;;;;;;;;;;;;;;;;
52;2;0;true;;;;;;;;;;;;;;;;;;;;;;;;;;;;;;;;;;;
53;3;0;true;;;;;;;;;;;;;;;;;;;;;;;;;;;;;;;;;;;
54;2;0;true;;;;;;;;;;;;;;;;;;;;;;;;;;;;;;;;;;;
55;4;0;true;;;;;;;;;;;;;;;;;;;;;;;;;;;;;;;;;;;
56;2;0;true;;;;;;;;;;;;;;;;;;;;;;;;;;;;;;;;;;;
57;2;0;true;;;;;;;;;;;;;;;;;;;;;;;;;;;;;;;;;;;
58;3;0;true;;;;;;;;;;;;;;;;;;;;;;;;;;;;;;;;;;;
59;3;0;true;;;;;;;;;;;;;;;;;;;;;;;;;;;;;;;;;;;
60;4;0;true;;;;;;;;;;;;;;;;;;;;;;;;;;;;;;;;;;;
61;2;0;true;;;;;;;;;;;;;;;;;;;;;;;;;;;;;;;;;;;
62;1;0;true;;;;;;;;;;;;;;;;;;;;;;;;;;;;;;;;;;;
63;3;0;true;;;;;;;;;;;;;;;;;;;;;;;;;;;;;;;;;;;
64;4;0;true;;;;;;;;;;;;;;;;;;;;;;;;;;;;;;;;;;;
65;2;0;true;;;;;;;;;;;;;;;;;;;;;;;;;;;;;;;;;;;
66;4;0;true;;;;;;;;;;;;;;;;;;;;;;;;;;;;;;;;;;;
67;1;0;true;;;;;;;;;;;;;;;;;;;;;;;;;;;;;;;;;;;
68;3;0;true;;;;;;;;;;;;;;;;;;;;;;;;;;;;;;;;;;;
69;1;0;true;;;;;;;;;;;;;;;;;;;;;;;;;;;;;;;;;;;
70;3;0;true;;;;;;;;;;;;;;;;;;;;;;;;;;;;;;;;;;;
71;4;0;true;;;;;;;;;;;;;;;;;;;;;;;;;;;;;;;;;;;
72;2;0;true;;;;;;;;;;;;;;;;;;;;;;;;;;;;;;;;;;;
73;1;0;true;;;;;;;;;;;;;;;;;;;;;;;;;;;;;;;;;;;
74;2;0;true;;;;;;;;;;;;;;;;;;;;;;;;;;;;;;;;;;;
75;1;0;true;;;;;;;;;;;;;;;;;;;;;;;;;;;;;;;;;;;
76;1;0;true;;;;;;;;;;;;;;;;;;;;;;;;;;;;;;;;;;;
77;2;0;true;;;;;;;;;;;;;;;;;;;;;;;;;;;;;;;;;;;
78;2;0;true;;;;;;;;;;;;;;;;;;;;;;;;;;;;;;;;;;;
79;1;0;true;;;;;;;;;;;;;;;;;;;;;;;;;;;;;;;;;;;
80;2;0;true;;;;;;;;;;;;;;;;;;;;;;;;;;;;;;;;;;;
81;2;0;true;;;;;;;;;;;;;;;;;;;;;;;;;;;;;;;;;;;
82;2;0;true;;;;;;;;;;;;;;;;;;;;;;;;;;;;;;;;;;;
83;2;0;true;;;;;;;;;;;;;;;;;;;;;;;;;;;;;;;;;;;
84;1;0;true;;;;;;;;;;;;;;;;;;;;;;;;;;;;;;;;;;;
85;1;0;true;;;;;;;;;;;;;;;;;;;;;;;;;;;;;;;;;;;
86;2;0;true;;;;;;;;;;;;;;;;;;;;;;;;;;;;;;;;;;;
87;2;0;true;;;;;;;;;;;;;;;;;;;;;;;;;;;;;;;;;;;
88;1;0;true;;;;;;;;;;;;;;;;;;;;;;;;;;;;;;;;;;;
89;2;0;true;;;;;;;;;;;;;;;;;;;;;;;;;;;;;;;;;;;
90;2;0;true;;;;;;;;;;;;;;;;;;;;;;;;;;;;;;;;;;;
91;0;0;true;;;;;;;;;;;;;;;;;;;;;;;;;;;;;;;;;;;
92;1;0;true;;;;;;;;;;;;;;;;;;;;;;;;;;;;;;;;;;;
93;0;0;true;;;;;;;;;;;;;;;;;;;;;;;;;;;;;;;;;;;
94;0;0;true;;;;;;;;;;;;;;;;;;;;;;;;;;;;;;;;;;;
95;1;0;true;;;;;;;;;;;;;;;;;;;;;;;;;;;;;;;;;;;
96;0;0;true;;;;;;;;;;;;;;;;;;;;;;;;;;;;;;;;;;;
97;0;0;true;;;;;;;;;;;;;;;;;;;;;;;;;;;;;;;;;;;
98;1;0;true;;;;;;;;;;;;;;;;;;;;;;;;;;;;;;;;;;;
99;1;0;true;;;;;;;;;;;;;;;;;;;;;;;;;;;;;;;;;;;
100;1;0;true;;;;;;;;;;;;;;;;;;;;;;;;;;;;;;;;;;;
;;;;;;;;;;;;;;;;;;;;;;;;;;;;;;;;;;;;;;
Entities alive;;;;;;;;;;;;;;;;;;;;;;;;;;;;;;;;;;;;;;
x min;x max;y min;y max;autoplot?;current pen;legend open?;number of pens;;;;;;;;;;;;;;;;;;;;;;;;;;;;;;;
0;116;0;220;true;"""default""";false;1;;;;;;;;;;;;;;;;;;;;;;;;;;;;;;;
;;;;;;;;;;;;;;;;;;;;;;;;;;;;;;;;;;;;;;
pen name;pen down?;mode;interval;color;x;;;;;;;;;;;;;;;;;;;;;;;;;;;;;;;;;
default;true;0;1;0;100;;;;;;;;;;;;;;;;;;;;;;;;;;;;;;;;;
;;;;;;;;;;;;;;;;;;;;;;;;;;;;;;;;;;;;;;
default;;;;;;;;;;;;;;;;;;;;;;;;;;;;;;;;;;;;;;
x;y;color;pen down?;;;;;;;;;;;;;;;;;;;;;;;;;;;;;;;;;;;
0;200;0;true;;;;;;;;;;;;;;;;;;;;;;;;;;;;;;;;;;;
1;200;0;true;;;;;;;;;;;;;;;;;;;;;;;;;;;;;;;;;;;
2;200;0;true;;;;;;;;;;;;;;;;;;;;;;;;;;;;;;;;;;;
3;200;0;true;;;;;;;;;;;;;;;;;;;;;;;;;;;;;;;;;;;
4;200;0;true;;;;;;;;;;;;;;;;;;;;;;;;;;;;;;;;;;;
5;200;0;true;;;;;;;;;;;;;;;;;;;;;;;;;;;;;;;;;;;
6;200;0;true;;;;;;;;;;;;;;;;;;;;;;;;;;;;;;;;;;;
7;200;0;true;;;;;;;;;;;;;;;;;;;;;;;;;;;;;;;;;;;
8;200;0;true;;;;;;;;;;;;;;;;;;;;;;;;;;;;;;;;;;;
9;200;0;true;;;;;;;;;;;;;;;;;;;;;;;;;;;;;;;;;;;
10;200;0;true;;;;;;;;;;;;;;;;;;;;;;;;;;;;;;;;;;;
11;200;0;true;;;;;;;;;;;;;;;;;;;;;;;;;;;;;;;;;;;
12;200;0;true;;;;;;;;;;;;;;;;;;;;;;;;;;;;;;;;;;;
13;200;0;true;;;;;;;;;;;;;;;;;;;;;;;;;;;;;;;;;;;
14;200;0;true;;;;;;;;;;;;;;;;;;;;;;;;;;;;;;;;;;;
15;200;0;true;;;;;;;;;;;;;;;;;;;;;;;;;;;;;;;;;;;
16;200;0;true;;;;;;;;;;;;;;;;;;;;;;;;;;;;;;;;;;;
17;200;0;true;;;;;;;;;;;;;;;;;;;;;;;;;;;;;;;;;;;
18;200;0;true;;;;;;;;;;;;;;;;;;;;;;;;;;;;;;;;;;;
19;200;0;true;;;;;;;;;;;;;;;;;;;;;;;;;;;;;;;;;;;
20;200;0;true;;;;;;;;;;;;;;;;;;;;;;;;;;;;;;;;;;;
21;200;0;true;;;;;;;;;;;;;;;;;;;;;;;;;;;;;;;;;;;
22;200;0;true;;;;;;;;;;;;;;;;;;;;;;;;;;;;;;;;;;;
23;200;0;true;;;;;;;;;;;;;;;;;;;;;;;;;;;;;;;;;;;
24;200;0;true;;;;;;;;;;;;;;;;;;;;;;;;;;;;;;;;;;;
25;200;0;true;;;;;;;;;;;;;;;;;;;;;;;;;;;;;;;;;;;
26;200;0;true;;;;;;;;;;;;;;;;;;;;;;;;;;;;;;;;;;;
27;200;0;true;;;;;;;;;;;;;;;;;;;;;;;;;;;;;;;;;;;
28;200;0;true;;;;;;;;;;;;;;;;;;;;;;;;;;;;;;;;;;;
29;200;0;true;;;;;;;;;;;;;;;;;;;;;;;;;;;;;;;;;;;
30;200;0;true;;;;;;;;;;;;;;;;;;;;;;;;;;;;;;;;;;;
31;200;0;true;;;;;;;;;;;;;;;;;;;;;;;;;;;;;;;;;;;
32;200;0;true;;;;;;;;;;;;;;;;;;;;;;;;;;;;;;;;;;;
33;200;0;true;;;;;;;;;;;;;;;;;;;;;;;;;;;;;;;;;;;
34;200;0;true;;;;;;;;;;;;;;;;;;;;;;;;;;;;;;;;;;;
35;200;0;true;;;;;;;;;;;;;;;;;;;;;;;;;;;;;;;;;;;
36;200;0;true;;;;;;;;;;;;;;;;;;;;;;;;;;;;;;;;;;;
37;200;0;true;;;;;;;;;;;;;;;;;;;;;;;;;;;;;;;;;;;
38;200;0;true;;;;;;;;;;;;;;;;;;;;;;;;;;;;;;;;;;;
39;200;0;true;;;;;;;;;;;;;;;;;;;;;;;;;;;;;;;;;;;
40;200;0;true;;;;;;;;;;;;;;;;;;;;;;;;;;;;;;;;;;;
41;200;0;true;;;;;;;;;;;;;;;;;;;;;;;;;;;;;;;;;;;
42;200;0;true;;;;;;;;;;;;;;;;;;;;;;;;;;;;;;;;;;;
43;200;0;true;;;;;;;;;;;;;;;;;;;;;;;;;;;;;;;;;;;
44;200;0;true;;;;;;;;;;;;;;;;;;;;;;;;;;;;;;;;;;;
45;200;0;true;;;;;;;;;;;;;;;;;;;;;;;;;;;;;;;;;;;
46;200;0;true;;;;;;;;;;;;;;;;;;;;;;;;;;;;;;;;;;;
47;200;0;true;;;;;;;;;;;;;;;;;;;;;;;;;;;;;;;;;;;
48;200;0;true;;;;;;;;;;;;;;;;;;;;;;;;;;;;;;;;;;;
49;200;0;true;;;;;;;;;;;;;;;;;;;;;;;;;;;;;;;;;;;
50;200;0;true;;;;;;;;;;;;;;;;;;;;;;;;;;;;;;;;;;;
51;200;0;true;;;;;;;;;;;;;;;;;;;;;;;;;;;;;;;;;;;
52;200;0;true;;;;;;;;;;;;;;;;;;;;;;;;;;;;;;;;;;;
53;200;0;true;;;;;;;;;;;;;;;;;;;;;;;;;;;;;;;;;;;
54;200;0;true;;;;;;;;;;;;;;;;;;;;;;;;;;;;;;;;;;;
55;200;0;true;;;;;;;;;;;;;;;;;;;;;;;;;;;;;;;;;;;
56;200;0;true;;;;;;;;;;;;;;;;;;;;;;;;;;;;;;;;;;;
57;200;0;true;;;;;;;;;;;;;;;;;;;;;;;;;;;;;;;;;;;
58;200;0;true;;;;;;;;;;;;;;;;;;;;;;;;;;;;;;;;;;;
59;200;0;true;;;;;;;;;;;;;;;;;;;;;;;;;;;;;;;;;;;
60;200;0;true;;;;;;;;;;;;;;;;;;;;;;;;;;;;;;;;;;;
61;200;0;true;;;;;;;;;;;;;;;;;;;;;;;;;;;;;;;;;;;
62;200;0;true;;;;;;;;;;;;;;;;;;;;;;;;;;;;;;;;;;;
63;200;0;true;;;;;;;;;;;;;;;;;;;;;;;;;;;;;;;;;;;
64;200;0;true;;;;;;;;;;;;;;;;;;;;;;;;;;;;;;;;;;;
65;200;0;true;;;;;;;;;;;;;;;;;;;;;;;;;;;;;;;;;;;
66;200;0;true;;;;;;;;;;;;;;;;;;;;;;;;;;;;;;;;;;;
67;200;0;true;;;;;;;;;;;;;;;;;;;;;;;;;;;;;;;;;;;
68;200;0;true;;;;;;;;;;;;;;;;;;;;;;;;;;;;;;;;;;;
69;200;0;true;;;;;;;;;;;;;;;;;;;;;;;;;;;;;;;;;;;
70;200;0;true;;;;;;;;;;;;;;;;;;;;;;;;;;;;;;;;;;;
71;200;0;true;;;;;;;;;;;;;;;;;;;;;;;;;;;;;;;;;;;
72;200;0;true;;;;;;;;;;;;;;;;;;;;;;;;;;;;;;;;;;;
73;200;0;true;;;;;;;;;;;;;;;;;;;;;;;;;;;;;;;;;;;
74;200;0;true;;;;;;;;;;;;;;;;;;;;;;;;;;;;;;;;;;;
75;200;0;true;;;;;;;;;;;;;;;;;;;;;;;;;;;;;;;;;;;
76;200;0;true;;;;;;;;;;;;;;;;;;;;;;;;;;;;;;;;;;;
77;200;0;true;;;;;;;;;;;;;;;;;;;;;;;;;;;;;;;;;;;
78;200;0;true;;;;;;;;;;;;;;;;;;;;;;;;;;;;;;;;;;;
79;200;0;true;;;;;;;;;;;;;;;;;;;;;;;;;;;;;;;;;;;
80;200;0;true;;;;;;;;;;;;;;;;;;;;;;;;;;;;;;;;;;;
81;200;0;true;;;;;;;;;;;;;;;;;;;;;;;;;;;;;;;;;;;
82;200;0;true;;;;;;;;;;;;;;;;;;;;;;;;;;;;;;;;;;;
83;200;0;true;;;;;;;;;;;;;;;;;;;;;;;;;;;;;;;;;;;
84;200;0;true;;;;;;;;;;;;;;;;;;;;;;;;;;;;;;;;;;;
85;200;0;true;;;;;;;;;;;;;;;;;;;;;;;;;;;;;;;;;;;
86;200;0;true;;;;;;;;;;;;;;;;;;;;;;;;;;;;;;;;;;;
87;200;0;true;;;;;;;;;;;;;;;;;;;;;;;;;;;;;;;;;;;
88;200;0;true;;;;;;;;;;;;;;;;;;;;;;;;;;;;;;;;;;;
89;200;0;true;;;;;;;;;;;;;;;;;;;;;;;;;;;;;;;;;;;
90;200;0;true;;;;;;;;;;;;;;;;;;;;;;;;;;;;;;;;;;;
91;200;0;true;;;;;;;;;;;;;;;;;;;;;;;;;;;;;;;;;;;
92;200;0;true;;;;;;;;;;;;;;;;;;;;;;;;;;;;;;;;;;;
93;200;0;true;;;;;;;;;;;;;;;;;;;;;;;;;;;;;;;;;;;
94;200;0;true;;;;;;;;;;;;;;;;;;;;;;;;;;;;;;;;;;;
95;200;0;true;;;;;;;;;;;;;;;;;;;;;;;;;;;;;;;;;;;
96;200;0;true;;;;;;;;;;;;;;;;;;;;;;;;;;;;;;;;;;;
97;200;0;true;;;;;;;;;;;;;;;;;;;;;;;;;;;;;;;;;;;
98;200;0;true;;;;;;;;;;;;;;;;;;;;;;;;;;;;;;;;;;;
99;200;0;true;;;;;;;;;;;;;;;;;;;;;;;;;;;;;;;;;;;
100;200;0;true;;;;;;;;;;;;;;;;;;;;;;;;;;;;;;;;;;;
;;;;;;;;;;;;;;;;;;;;;;;;;;;;;;;;;;;;;;
(%) Average tech-fitness of consumers;;;;;;;;;;;;;;;;;;;;;;;;;;;;;;;;;;;;;;
x min;x max;y min;y max;autoplot?;current pen;legend open?;number of pens;;;;;;;;;;;;;;;;;;;;;;;;;;;;;;;
0;116;0;49.3;true;"""default""";false;1;;;;;;;;;;;;;;;;;;;;;;;;;;;;;;;
;;;;;;;;;;;;;;;;;;;;;;;;;;;;;;;;;;;;;;
pen name;pen down?;mode;interval;color;x;;;;;;;;;;;;;;;;;;;;;;;;;;;;;;;;;
default;true;0;1;0;100;;;;;;;;;;;;;;;;;;;;;;;;;;;;;;;;;
;;;;;;;;;;;;;;;;;;;;;;;;;;;;;;;;;;;;;;
default;;;;;;;;;;;;;;;;;;;;;;;;;;;;;;;;;;;;;;
x;y;color;pen down?;;;;;;;;;;;;;;;;;;;;;;;;;;;;;;;;;;;
0;19.72;0;true;;;;;;;;;;;;;;;;;;;;;;;;;;;;;;;;;;;
1;19.72;0;true;;;;;;;;;;;;;;;;;;;;;;;;;;;;;;;;;;;
2;26.285.000.000.000.000;0;true;;;;;;;;;;;;;;;;;;;;;;;;;;;;;;;;;;;
3;26.525;0;true;;;;;;;;;;;;;;;;;;;;;;;;;;;;;;;;;;;
4;27.245;0;true;;;;;;;;;;;;;;;;;;;;;;;;;;;;;;;;;;;
5;28.645;0;true;;;;;;;;;;;;;;;;;;;;;;;;;;;;;;;;;;;
6;29.295.000.000.000.000;0;true;;;;;;;;;;;;;;;;;;;;;;;;;;;;;;;;;;;
7;29.735;0;true;;;;;;;;;;;;;;;;;;;;;;;;;;;;;;;;;;;
8;29.359.999.999.999.900;0;true;;;;;;;;;;;;;;;;;;;;;;;;;;;;;;;;;;;
9;30.45;0;true;;;;;;;;;;;;;;;;;;;;;;;;;;;;;;;;;;;
10;30.65;0;true;;;;;;;;;;;;;;;;;;;;;;;;;;;;;;;;;;;
11;31.65;0;true;;;;;;;;;;;;;;;;;;;;;;;;;;;;;;;;;;;
12;32.63;0;true;;;;;;;;;;;;;;;;;;;;;;;;;;;;;;;;;;;
13;33.085;0;true;;;;;;;;;;;;;;;;;;;;;;;;;;;;;;;;;;;
14;33.4;0;true;;;;;;;;;;;;;;;;;;;;;;;;;;;;;;;;;;;
15;33.985;0;true;;;;;;;;;;;;;;;;;;;;;;;;;;;;;;;;;;;
16;34.315;0;true;;;;;;;;;;;;;;;;;;;;;;;;;;;;;;;;;;;
17;35.185;0;true;;;;;;;;;;;;;;;;;;;;;;;;;;;;;;;;;;;
18;35.39;0;true;;;;;;;;;;;;;;;;;;;;;;;;;;;;;;;;;;;
19;35.6;0;true;;;;;;;;;;;;;;;;;;;;;;;;;;;;;;;;;;;
20;36.725;0;true;;;;;;;;;;;;;;;;;;;;;;;;;;;;;;;;;;;
21;37.08;0;true;;;;;;;;;;;;;;;;;;;;;;;;;;;;;;;;;;;
22;36.855;0;true;;;;;;;;;;;;;;;;;;;;;;;;;;;;;;;;;;;
23;37.28;0;true;;;;;;;;;;;;;;;;;;;;;;;;;;;;;;;;;;;
24;37.925;0;true;;;;;;;;;;;;;;;;;;;;;;;;;;;;;;;;;;;
25;38.535;0;true;;;;;;;;;;;;;;;;;;;;;;;;;;;;;;;;;;;
26;38.775;0;true;;;;;;;;;;;;;;;;;;;;;;;;;;;;;;;;;;;
27;38.975;0;true;;;;;;;;;;;;;;;;;;;;;;;;;;;;;;;;;;;
28;39.74;0;true;;;;;;;;;;;;;;;;;;;;;;;;;;;;;;;;;;;
29;40.1;0;true;;;;;;;;;;;;;;;;;;;;;;;;;;;;;;;;;;;
30;39.95;0;true;;;;;;;;;;;;;;;;;;;;;;;;;;;;;;;;;;;
31;40.065;0;true;;;;;;;;;;;;;;;;;;;;;;;;;;;;;;;;;;;
32;40.29;0;true;;;;;;;;;;;;;;;;;;;;;;;;;;;;;;;;;;;
33;40.235;0;true;;;;;;;;;;;;;;;;;;;;;;;;;;;;;;;;;;;
34;39.97;0;true;;;;;;;;;;;;;;;;;;;;;;;;;;;;;;;;;;;
35;40.025;0;true;;;;;;;;;;;;;;;;;;;;;;;;;;;;;;;;;;;
36;40.1;0;true;;;;;;;;;;;;;;;;;;;;;;;;;;;;;;;;;;;
37;39.975;0;true;;;;;;;;;;;;;;;;;;;;;;;;;;;;;;;;;;;
38;39.94;0;true;;;;;;;;;;;;;;;;;;;;;;;;;;;;;;;;;;;
39;40.315;0;true;;;;;;;;;;;;;;;;;;;;;;;;;;;;;;;;;;;
40;40.685;0;true;;;;;;;;;;;;;;;;;;;;;;;;;;;;;;;;;;;
41;40.575;0;true;;;;;;;;;;;;;;;;;;;;;;;;;;;;;;;;;;;
42;40.62;0;true;;;;;;;;;;;;;;;;;;;;;;;;;;;;;;;;;;;
43;40.81;0;true;;;;;;;;;;;;;;;;;;;;;;;;;;;;;;;;;;;
44;41.215;0;true;;;;;;;;;;;;;;;;;;;;;;;;;;;;;;;;;;;
45;41.11;0;true;;;;;;;;;;;;;;;;;;;;;;;;;;;;;;;;;;;
46;41.13;0;true;;;;;;;;;;;;;;;;;;;;;;;;;;;;;;;;;;;
47;41.305;0;true;;;;;;;;;;;;;;;;;;;;;;;;;;;;;;;;;;;
48;41.52;0;true;;;;;;;;;;;;;;;;;;;;;;;;;;;;;;;;;;;
49;42.17;0;true;;;;;;;;;;;;;;;;;;;;;;;;;;;;;;;;;;;
50;42.06;0;true;;;;;;;;;;;;;;;;;;;;;;;;;;;;;;;;;;;
51;42.38;0;true;;;;;;;;;;;;;;;;;;;;;;;;;;;;;;;;;;;
52;42.52;0;true;;;;;;;;;;;;;;;;;;;;;;;;;;;;;;;;;;;
53;42.3;0;true;;;;;;;;;;;;;;;;;;;;;;;;;;;;;;;;;;;
54;42.37;0;true;;;;;;;;;;;;;;;;;;;;;;;;;;;;;;;;;;;
55;42.575;0;true;;;;;;;;;;;;;;;;;;;;;;;;;;;;;;;;;;;
56;43.205;0;true;;;;;;;;;;;;;;;;;;;;;;;;;;;;;;;;;;;
57;43.48;0;true;;;;;;;;;;;;;;;;;;;;;;;;;;;;;;;;;;;
58;43.185;0;true;;;;;;;;;;;;;;;;;;;;;;;;;;;;;;;;;;;
59;43.29;0;true;;;;;;;;;;;;;;;;;;;;;;;;;;;;;;;;;;;
60;43.16;0;true;;;;;;;;;;;;;;;;;;;;;;;;;;;;;;;;;;;
61;43.07;0;true;;;;;;;;;;;;;;;;;;;;;;;;;;;;;;;;;;;
62;43.315;0;true;;;;;;;;;;;;;;;;;;;;;;;;;;;;;;;;;;;
63;43.57;0;true;;;;;;;;;;;;;;;;;;;;;;;;;;;;;;;;;;;
64;43.365;0;true;;;;;;;;;;;;;;;;;;;;;;;;;;;;;;;;;;;
65;43.21;0;true;;;;;;;;;;;;;;;;;;;;;;;;;;;;;;;;;;;
66;43.48;0;true;;;;;;;;;;;;;;;;;;;;;;;;;;;;;;;;;;;
67;43.57;0;true;;;;;;;;;;;;;;;;;;;;;;;;;;;;;;;;;;;
68;43.635;0;true;;;;;;;;;;;;;;;;;;;;;;;;;;;;;;;;;;;
69;43.975;0;true;;;;;;;;;;;;;;;;;;;;;;;;;;;;;;;;;;;
70;44.11;0;true;;;;;;;;;;;;;;;;;;;;;;;;;;;;;;;;;;;
71;43.995;0;true;;;;;;;;;;;;;;;;;;;;;;;;;;;;;;;;;;;
72;44.05;0;true;;;;;;;;;;;;;;;;;;;;;;;;;;;;;;;;;;;
73;44.07;0;true;;;;;;;;;;;;;;;;;;;;;;;;;;;;;;;;;;;
74;44.615;0;true;;;;;;;;;;;;;;;;;;;;;;;;;;;;;;;;;;;
75;44.68;0;true;;;;;;;;;;;;;;;;;;;;;;;;;;;;;;;;;;;
76;44.635;0;true;;;;;;;;;;;;;;;;;;;;;;;;;;;;;;;;;;;
77;44.57;0;true;;;;;;;;;;;;;;;;;;;;;;;;;;;;;;;;;;;
78;44.615;0;true;;;;;;;;;;;;;;;;;;;;;;;;;;;;;;;;;;;
79;44.37;0;true;;;;;;;;;;;;;;;;;;;;;;;;;;;;;;;;;;;
80;44.46;0;true;;;;;;;;;;;;;;;;;;;;;;;;;;;;;;;;;;;
81;44.485;0;true;;;;;;;;;;;;;;;;;;;;;;;;;;;;;;;;;;;
82;44.375;0;true;;;;;;;;;;;;;;;;;;;;;;;;;;;;;;;;;;;
83;44.09;0;true;;;;;;;;;;;;;;;;;;;;;;;;;;;;;;;;;;;
84;43.91;0;true;;;;;;;;;;;;;;;;;;;;;;;;;;;;;;;;;;;
85;44.05;0;true;;;;;;;;;;;;;;;;;;;;;;;;;;;;;;;;;;;
86;44.08;0;true;;;;;;;;;;;;;;;;;;;;;;;;;;;;;;;;;;;
87;44.275;0;true;;;;;;;;;;;;;;;;;;;;;;;;;;;;;;;;;;;
88;44.19;0;true;;;;;;;;;;;;;;;;;;;;;;;;;;;;;;;;;;;
89;44.095;0;true;;;;;;;;;;;;;;;;;;;;;;;;;;;;;;;;;;;
90;44.4;0;true;;;;;;;;;;;;;;;;;;;;;;;;;;;;;;;;;;;
91;44.645;0;true;;;;;;;;;;;;;;;;;;;;;;;;;;;;;;;;;;;
92;44.7;0;true;;;;;;;;;;;;;;;;;;;;;;;;;;;;;;;;;;;
93;44.825;0;true;;;;;;;;;;;;;;;;;;;;;;;;;;;;;;;;;;;
94;44.955;0;true;;;;;;;;;;;;;;;;;;;;;;;;;;;;;;;;;;;
95;45.065;0;true;;;;;;;;;;;;;;;;;;;;;;;;;;;;;;;;;;;
96;45.155;0;true;;;;;;;;;;;;;;;;;;;;;;;;;;;;;;;;;;;
97;45.115;0;true;;;;;;;;;;;;;;;;;;;;;;;;;;;;;;;;;;;
98;45.28;0;true;;;;;;;;;;;;;;;;;;;;;;;;;;;;;;;;;;;
99;45.7;0;true;;;;;;;;;;;;;;;;;;;;;;;;;;;;;;;;;;;
100;45.7;0;true;;;;;;;;;;;;;;;;;;;;;;;;;;;;;;;;;;;
